path,plate,well,sheet,condition
/Volumes/valelab/_for_Mark/patterned_data/250521_patterned_plate_1/B06_TRAK1_wt_combined/Cell1-b.nd2,250521_patterned_plate_1,B06,TRAK isoform (mito),TRAK1
/Volumes/valelab/_for_Mark/patterned_data/250521_patterned_plate_1/B06_TRAK1_wt_combined/Cell1-b.nd2,250521_patterned_plate_1,B06,TRAK1 helix muts,T1 wt
/Volumes/valelab/_for_Mark/patterned_data/250521_patterned_plate_1/B06_TRAK1_wt_combined/Cell10.nd2,250521_patterned_plate_1,B06,TRAK isoform (mito),TRAK1
/Volumes/valelab/_for_Mark/patterned_data/250521_patterned_plate_1/B06_TRAK1_wt_combined/Cell10.nd2,250521_patterned_plate_1,B06,TRAK1 helix muts,T1 wt
/Volumes/valelab/_for_Mark/patterned_data/250521_patterned_plate_1/B06_TRAK1_wt_combined/Cell10_1.nd2,250521_patterned_plate_1,B06,TRAK isoform (mito),TRAK1
/Volumes/valelab/_for_Mark/patterned_data/250521_patterned_plate_1/B06_TRAK1_wt_combined/Cell10_1.nd2,250521_patterned_plate_1,B06,TRAK1 helix muts,T1 wt
/Volumes/valelab/_for_Mark/patterned_data/250521_patterned_plate_1/B06_TRAK1_wt_combined/Cell11-b.nd2,250521_patterned_plate_1,B06,TRAK isoform (mito),TRAK1
/Volumes/valelab/_for_Mark/patterned_data/250521_patterned_plate_1/B06_TRAK1_wt_combined/Cell11-b.nd2,250521_patterned_plate_1,B06,TRAK1 helix muts,T1 wt
/Volumes/valelab/_for_Mark/patterned_data/250521_patterned_plate_1/B06_TRAK1_wt_combined/Cell12.nd2,250521_patterned_plate_1,B06,TRAK isoform (mito),TRAK1
/Volumes/valelab/_for_Mark/patterned_data/250521_patterned_plate_1/B06_TRAK1_wt_combined/Cell12.nd2,250521_patterned_plate_1,B06,TRAK1 helix muts,T1 wt
/Volumes/valelab/_for_Mark/patterned_data/250521_patterned_plate_1/B06_TRAK1_wt_combined/Cell12_1.nd2,250521_patterned_plate_1,B06,TRAK isoform (mito),TRAK1
/Volumes/valelab/_for_Mark/patterned_data/250521_patterned_plate_1/B06_TRAK1_wt_combined/Cell12_1.nd2,250521_patterned_plate_1,B06,TRAK1 helix muts,T1 wt
/Volumes/valelab/_for_Mark/patterned_data/250521_patterned_plate_1/B06_TRAK1_wt_combined/Cell13.nd2,250521_patterned_plate_1,B06,TRAK isoform (mito),TRAK1
/Volumes/valelab/_for_Mark/patterned_data/250521_patterned_plate_1/B06_TRAK1_wt_combined/Cell13.nd2,250521_patterned_plate_1,B06,TRAK1 helix muts,T1 wt
/Volumes/valelab/_for_Mark/patterned_data/250521_patterned_plate_1/B06_TRAK1_wt_combined/Cell15.nd2,250521_patterned_plate_1,B06,TRAK isoform (mito),TRAK1
/Volumes/valelab/_for_Mark/patterned_data/250521_patterned_plate_1/B06_TRAK1_wt_combined/Cell15.nd2,250521_patterned_plate_1,B06,TRAK1 helix muts,T1 wt
/Volumes/valelab/_for_Mark/patterned_data/250521_patterned_plate_1/B06_TRAK1_wt_combined/Cell1_1.nd2,250521_patterned_plate_1,B06,TRAK isoform (mito),TRAK1
/Volumes/valelab/_for_Mark/patterned_data/250521_patterned_plate_1/B06_TRAK1_wt_combined/Cell1_1.nd2,250521_patterned_plate_1,B06,TRAK1 helix muts,T1 wt
/Volumes/valelab/_for_Mark/patterned_data/250521_patterned_plate_1/B06_TRAK1_wt_combined/Cell4.nd2,250521_patterned_plate_1,B06,TRAK isoform (mito),TRAK1
/Volumes/valelab/_for_Mark/patterned_data/250521_patterned_plate_1/B06_TRAK1_wt_combined/Cell4.nd2,250521_patterned_plate_1,B06,TRAK1 helix muts,T1 wt
/Volumes/valelab/_for_Mark/patterned_data/250521_patterned_plate_1/B06_TRAK1_wt_combined/Cell6.nd2,250521_patterned_plate_1,B06,TRAK isoform (mito),TRAK1
/Volumes/valelab/_for_Mark/patterned_data/250521_patterned_plate_1/B06_TRAK1_wt_combined/Cell6.nd2,250521_patterned_plate_1,B06,TRAK1 helix muts,T1 wt
/Volumes/valelab/_for_Mark/patterned_data/250521_patterned_plate_1/B06_TRAK1_wt_combined/Cell8.nd2,250521_patterned_plate_1,B06,TRAK isoform (mito),TRAK1
/Volumes/valelab/_for_Mark/patterned_data/250521_patterned_plate_1/B06_TRAK1_wt_combined/Cell8.nd2,250521_patterned_plate_1,B06,TRAK1 helix muts,T1 wt
/Volumes/valelab/_for_Mark/patterned_data/250521_patterned_plate_1/D07_250606_TRAK1-mDRH+dSpindly/cell2.nd2,250521_patterned_plate_1,D07,TRAK1 helix muts,T1 mDRH / dSp
/Volumes/valelab/_for_Mark/patterned_data/250521_patterned_plate_1/D07_250606_TRAK1-mDRH+dSpindly/cell3.nd2,250521_patterned_plate_1,D07,TRAK1 helix muts,T1 mDRH / dSp
/Volumes/valelab/_for_Mark/patterned_data/250521_patterned_plate_1/D07_250606_TRAK1-mDRH+dSpindly/cell5.nd2,250521_patterned_plate_1,D07,TRAK1 helix muts,T1 mDRH / dSp
/Volumes/valelab/_for_Mark/patterned_data/250521_patterned_plate_1/D07_250606_TRAK1-mDRH+dSpindly/cell7.nd2,250521_patterned_plate_1,D07,TRAK1 helix muts,T1 mDRH / dSp
/Volumes/valelab/_for_Mark/patterned_data/250521_patterned_plate_1/D07_250606_TRAK1-mDRH+dSpindly/cell8.nd2,250521_patterned_plate_1,D07,TRAK1 helix muts,T1 mDRH / dSp
/Volumes/valelab/_for_Mark/patterned_data/250521_patterned_plate_1/E06_250606_TRAK1-mDRH/cell10.nd2,250521_patterned_plate_1,E06,TRAK1 helix muts,T1 mDRH
/Volumes/valelab/_for_Mark/patterned_data/250521_patterned_plate_1/E06_250606_TRAK1-mDRH/cell2.nd2,250521_patterned_plate_1,E06,TRAK1 helix muts,T1 mDRH
/Volumes/valelab/_for_Mark/patterned_data/250521_patterned_plate_1/E06_250606_TRAK1-mDRH/cell3.nd2,250521_patterned_plate_1,E06,TRAK1 helix muts,T1 mDRH
/Volumes/valelab/_for_Mark/patterned_data/250521_patterned_plate_1/E06_250606_TRAK1-mDRH/cell4.nd2,250521_patterned_plate_1,E06,TRAK1 helix muts,T1 mDRH
/Volumes/valelab/_for_Mark/patterned_data/250521_patterned_plate_1/E06_250606_TRAK1-mDRH/cell6.nd2,250521_patterned_plate_1,E06,TRAK1 helix muts,T1 mDRH
/Volumes/valelab/_for_Mark/patterned_data/250606_patterned_plate_2/C02_250609_TRAK2-wt/cell11.nd2,250606_patterned_plate_2,C02,TRAK isoform (mito),TRAK2
/Volumes/valelab/_for_Mark/patterned_data/250606_patterned_plate_2/C02_250609_TRAK2-wt/cell11.nd2,250606_patterned_plate_2,C02,TRAK2 helix muts,TRAK2
/Volumes/valelab/_for_Mark/patterned_data/250606_patterned_plate_2/C02_250609_TRAK2-wt/cell13.nd2,250606_patterned_plate_2,C02,TRAK isoform (mito),TRAK2
/Volumes/valelab/_for_Mark/patterned_data/250606_patterned_plate_2/C02_250609_TRAK2-wt/cell13.nd2,250606_patterned_plate_2,C02,TRAK2 helix muts,TRAK2
/Volumes/valelab/_for_Mark/patterned_data/250606_patterned_plate_2/C02_250609_TRAK2-wt/cell15.nd2,250606_patterned_plate_2,C02,TRAK isoform (mito),TRAK2
/Volumes/valelab/_for_Mark/patterned_data/250606_patterned_plate_2/C02_250609_TRAK2-wt/cell15.nd2,250606_patterned_plate_2,C02,TRAK2 helix muts,TRAK2
/Volumes/valelab/_for_Mark/patterned_data/250606_patterned_plate_2/C02_250609_TRAK2-wt/cell4.nd2,250606_patterned_plate_2,C02,TRAK isoform (mito),TRAK2
/Volumes/valelab/_for_Mark/patterned_data/250606_patterned_plate_2/C02_250609_TRAK2-wt/cell4.nd2,250606_patterned_plate_2,C02,TRAK2 helix muts,TRAK2
/Volumes/valelab/_for_Mark/patterned_data/250606_patterned_plate_2/C02_250609_TRAK2-wt/cell6.nd2,250606_patterned_plate_2,C02,TRAK isoform (mito),TRAK2
/Volumes/valelab/_for_Mark/patterned_data/250606_patterned_plate_2/C02_250609_TRAK2-wt/cell6.nd2,250606_patterned_plate_2,C02,TRAK2 helix muts,TRAK2
/Volumes/valelab/_for_Mark/patterned_data/250606_patterned_plate_2/C02_250609_TRAK2-wt/cell7.nd2,250606_patterned_plate_2,C02,TRAK isoform (mito),TRAK2
/Volumes/valelab/_for_Mark/patterned_data/250606_patterned_plate_2/C02_250609_TRAK2-wt/cell7.nd2,250606_patterned_plate_2,C02,TRAK2 helix muts,TRAK2
/Volumes/valelab/_for_Mark/patterned_data/250606_patterned_plate_2/C02_250609_TRAK2-wt/cell8.nd2,250606_patterned_plate_2,C02,TRAK isoform (mito),TRAK2
/Volumes/valelab/_for_Mark/patterned_data/250606_patterned_plate_2/C02_250609_TRAK2-wt/cell8.nd2,250606_patterned_plate_2,C02,TRAK2 helix muts,TRAK2
/Volumes/valelab/_for_Mark/patterned_data/250606_patterned_plate_2/D05_250612_TRAK2-mDRH+mSpin/Excluded_cells_2/cell1-incomplete umbrella.nd2,250606_patterned_plate_2,D05,TRAK2 helix muts,TRAK2 mDRH mSpindly
/Volumes/valelab/_for_Mark/patterned_data/250606_patterned_plate_2/D05_250612_TRAK2-mDRH+mSpin/cell1.nd2,250606_patterned_plate_2,D05,TRAK2 helix muts,TRAK2 mDRH mSpindly
/Volumes/valelab/_for_Mark/patterned_data/250606_patterned_plate_2/D05_250612_TRAK2-mDRH+mSpin/cell2_2.nd2,250606_patterned_plate_2,D05,TRAK2 helix muts,TRAK2 mDRH mSpindly
/Volumes/valelab/_for_Mark/patterned_data/250606_patterned_plate_2/D05_250612_TRAK2-mDRH+mSpin/Excluded_cells_2/cell3.nd2,250606_patterned_plate_2,D05,TRAK2 helix muts,TRAK2 mDRH mSpindly
/Volumes/valelab/_for_Mark/patterned_data/250606_patterned_plate_2/D05_250612_TRAK2-mDRH+mSpin/cell4.nd2,250606_patterned_plate_2,D05,TRAK2 helix muts,TRAK2 mDRH mSpindly
/Volumes/valelab/_for_Mark/patterned_data/250606_patterned_plate_2/D05_250612_TRAK2-mDRH+mSpin/cell4_2.nd2,250606_patterned_plate_2,D05,TRAK2 helix muts,TRAK2 mDRH mSpindly
/Volumes/valelab/_for_Mark/patterned_data/250606_patterned_plate_2/D05_250612_TRAK2-mDRH+mSpin/cell5.nd2,250606_patterned_plate_2,D05,TRAK2 helix muts,TRAK2 mDRH mSpindly
/Volumes/valelab/_for_Mark/patterned_data/250606_patterned_plate_2/D05_250612_TRAK2-mDRH+mSpin/cell5_2.nd2,250606_patterned_plate_2,D05,TRAK2 helix muts,TRAK2 mDRH mSpindly
/Volumes/valelab/_for_Mark/patterned_data/250606_patterned_plate_2/D05_250612_TRAK2-mDRH+mSpin/cell6.nd2,250606_patterned_plate_2,D05,TRAK2 helix muts,TRAK2 mDRH mSpindly
/Volumes/valelab/_for_Mark/patterned_data/250606_patterned_plate_2/E04_250612_TRAK2_mDRH/cell11.nd2,250606_patterned_plate_2,E04,TRAK2 helix muts,TRAK2 mDRH
/Volumes/valelab/_for_Mark/patterned_data/250606_patterned_plate_2/E04_250612_TRAK2_mDRH/cell2.nd2,250606_patterned_plate_2,E04,TRAK2 helix muts,TRAK2 mDRH
/Volumes/valelab/_for_Mark/patterned_data/250606_patterned_plate_2/E04_250612_TRAK2_mDRH/cell3.nd2,250606_patterned_plate_2,E04,TRAK2 helix muts,TRAK2 mDRH
/Volumes/valelab/_for_Mark/patterned_data/250606_patterned_plate_2/E04_250612_TRAK2_mDRH/cell4.nd2,250606_patterned_plate_2,E04,TRAK2 helix muts,TRAK2 mDRH
/Volumes/valelab/_for_Mark/patterned_data/250606_patterned_plate_2/E04_250612_TRAK2_mDRH/cell7.nd2,250606_patterned_plate_2,E04,TRAK2 helix muts,TRAK2 mDRH
/Volumes/valelab/_for_Mark/patterned_data/250606_patterned_plate_2/E04_250612_TRAK2_mDRH/cell8.nd2,250606_patterned_plate_2,E04,TRAK2 helix muts,TRAK2 mDRH
/Volumes/valelab/_for_Mark/patterned_data/250606_patterned_plate_2/E04_250612_TRAK2_mDRH/cell9.nd2,250606_patterned_plate_2,E04,TRAK2 helix muts,TRAK2 mDRH
/Volumes/valelab/_for_Mark/patterned_data/250612_patterned_plate_3/B02_NoV_250616/cell1.nd2,250612_patterned_plate_3,B02,TRAK isoform (mito),no TRAK
/Volumes/valelab/_for_Mark/patterned_data/250612_patterned_plate_3/B02_NoV_250616/cell11.nd2,250612_patterned_plate_3,B02,TRAK isoform (mito),no TRAK
/Volumes/valelab/_for_Mark/patterned_data/250612_patterned_plate_3/B02_NoV_250616/cell12.nd2,250612_patterned_plate_3,B02,TRAK isoform (mito),no TRAK
/Volumes/valelab/_for_Mark/patterned_data/250612_patterned_plate_3/B02_NoV_250616/cell5.nd2,250612_patterned_plate_3,B02,TRAK isoform (mito),no TRAK
/Volumes/valelab/_for_Mark/patterned_data/250612_patterned_plate_3/B02_NoV_250616/cell6.nd2,250612_patterned_plate_3,B02,TRAK isoform (mito),no TRAK
/Volumes/valelab/_for_Mark/patterned_data/250612_patterned_plate_3/B02_NoV_250616/cell7.nd2,250612_patterned_plate_3,B02,TRAK isoform (mito),no TRAK
/Volumes/valelab/_for_Mark/patterned_data/250612_patterned_plate_3/B02_NoV_250616/cell9.nd2,250612_patterned_plate_3,B02,TRAK isoform (mito),no TRAK
/Volumes/valelab/_for_Mark/patterned_data/250612_patterned_plate_3/B03_TRAK1_250616/cell1.nd2,250612_patterned_plate_3,B03,TRAK isoform (mito),TRAK1
/Volumes/valelab/_for_Mark/patterned_data/250612_patterned_plate_3/B03_TRAK1_250616/cell1.nd2,250612_patterned_plate_3,B03,TRAK1 helix muts,T1 wt
/Volumes/valelab/_for_Mark/patterned_data/250612_patterned_plate_3/B03_TRAK1_250616/cell12.nd2,250612_patterned_plate_3,B03,TRAK isoform (mito),TRAK1
/Volumes/valelab/_for_Mark/patterned_data/250612_patterned_plate_3/B03_TRAK1_250616/cell12.nd2,250612_patterned_plate_3,B03,TRAK1 helix muts,T1 wt
/Volumes/valelab/_for_Mark/patterned_data/250612_patterned_plate_3/B03_TRAK1_250616/cell15.nd2,250612_patterned_plate_3,B03,TRAK isoform (mito),TRAK1
/Volumes/valelab/_for_Mark/patterned_data/250612_patterned_plate_3/B03_TRAK1_250616/cell15.nd2,250612_patterned_plate_3,B03,TRAK1 helix muts,T1 wt
/Volumes/valelab/_for_Mark/patterned_data/250612_patterned_plate_3/B03_TRAK1_250616/cell2.nd2,250612_patterned_plate_3,B03,TRAK isoform (mito),TRAK1
/Volumes/valelab/_for_Mark/patterned_data/250612_patterned_plate_3/B03_TRAK1_250616/cell2.nd2,250612_patterned_plate_3,B03,TRAK1 helix muts,T1 wt
/Volumes/valelab/_for_Mark/patterned_data/250612_patterned_plate_3/B03_TRAK1_250616/cell3.nd2,250612_patterned_plate_3,B03,TRAK isoform (mito),TRAK1
/Volumes/valelab/_for_Mark/patterned_data/250612_patterned_plate_3/B03_TRAK1_250616/cell3.nd2,250612_patterned_plate_3,B03,TRAK1 helix muts,T1 wt
/Volumes/valelab/_for_Mark/patterned_data/250612_patterned_plate_3/B03_TRAK1_250616/cell5.nd2,250612_patterned_plate_3,B03,TRAK isoform (mito),TRAK1
/Volumes/valelab/_for_Mark/patterned_data/250612_patterned_plate_3/B03_TRAK1_250616/cell5.nd2,250612_patterned_plate_3,B03,TRAK1 helix muts,T1 wt
/Volumes/valelab/_for_Mark/patterned_data/250612_patterned_plate_3/B03_TRAK1_250616/cell7.nd2,250612_patterned_plate_3,B03,TRAK isoform (mito),TRAK1
/Volumes/valelab/_for_Mark/patterned_data/250612_patterned_plate_3/B03_TRAK1_250616/cell7.nd2,250612_patterned_plate_3,B03,TRAK1 helix muts,T1 wt
/Volumes/valelab/_for_Mark/patterned_data/250612_patterned_plate_3/B04_TRAK2_250616/cell1.nd2,250612_patterned_plate_3,B04,TRAK isoform (mito),TRAK2
/Volumes/valelab/_for_Mark/patterned_data/250612_patterned_plate_3/B04_TRAK2_250616/cell1.nd2,250612_patterned_plate_3,B04,TRAK2 helix muts,TRAK2
/Volumes/valelab/_for_Mark/patterned_data/250612_patterned_plate_3/B04_TRAK2_250616/cell11.nd2,250612_patterned_plate_3,B04,TRAK isoform (mito),TRAK2
/Volumes/valelab/_for_Mark/patterned_data/250612_patterned_plate_3/B04_TRAK2_250616/cell11.nd2,250612_patterned_plate_3,B04,TRAK2 helix muts,TRAK2
/Volumes/valelab/_for_Mark/patterned_data/250612_patterned_plate_3/B04_TRAK2_250616/cell12.nd2,250612_patterned_plate_3,B04,TRAK isoform (mito),TRAK2
/Volumes/valelab/_for_Mark/patterned_data/250612_patterned_plate_3/B04_TRAK2_250616/cell12.nd2,250612_patterned_plate_3,B04,TRAK2 helix muts,TRAK2
/Volumes/valelab/_for_Mark/patterned_data/250612_patterned_plate_3/B04_TRAK2_250616/cell14.nd2,250612_patterned_plate_3,B04,TRAK isoform (mito),TRAK2
/Volumes/valelab/_for_Mark/patterned_data/250612_patterned_plate_3/B04_TRAK2_250616/cell14.nd2,250612_patterned_plate_3,B04,TRAK2 helix muts,TRAK2
/Volumes/valelab/_for_Mark/patterned_data/250612_patterned_plate_3/B04_TRAK2_250616/cell15.nd2,250612_patterned_plate_3,B04,TRAK isoform (mito),TRAK2
/Volumes/valelab/_for_Mark/patterned_data/250612_patterned_plate_3/B04_TRAK2_250616/cell15.nd2,250612_patterned_plate_3,B04,TRAK2 helix muts,TRAK2
/Volumes/valelab/_for_Mark/patterned_data/250612_patterned_plate_3/B04_TRAK2_250616/cell2.nd2,250612_patterned_plate_3,B04,TRAK isoform (mito),TRAK2
/Volumes/valelab/_for_Mark/patterned_data/250612_patterned_plate_3/B04_TRAK2_250616/cell2.nd2,250612_patterned_plate_3,B04,TRAK2 helix muts,TRAK2
/Volumes/valelab/_for_Mark/patterned_data/250612_patterned_plate_3/B04_TRAK2_250616/cell3.nd2,250612_patterned_plate_3,B04,TRAK isoform (mito),TRAK2
/Volumes/valelab/_for_Mark/patterned_data/250612_patterned_plate_3/B04_TRAK2_250616/cell3.nd2,250612_patterned_plate_3,B04,TRAK2 helix muts,TRAK2
/Volumes/valelab/_for_Mark/patterned_data/250612_patterned_plate_3/B04_TRAK2_250616/cell4.nd2,250612_patterned_plate_3,B04,TRAK isoform (mito),TRAK2
/Volumes/valelab/_for_Mark/patterned_data/250612_patterned_plate_3/B04_TRAK2_250616/cell4.nd2,250612_patterned_plate_3,B04,TRAK2 helix muts,TRAK2
/Volumes/valelab/_for_Mark/patterned_data/250612_patterned_plate_3/B04_TRAK2_250616/cell5.nd2,250612_patterned_plate_3,B04,TRAK isoform (mito),TRAK2
/Volumes/valelab/_for_Mark/patterned_data/250612_patterned_plate_3/B04_TRAK2_250616/cell5.nd2,250612_patterned_plate_3,B04,TRAK2 helix muts,TRAK2
/Volumes/valelab/_for_Mark/patterned_data/250612_patterned_plate_3/B04_TRAK2_250616/cell6.nd2,250612_patterned_plate_3,B04,TRAK isoform (mito),TRAK2
/Volumes/valelab/_for_Mark/patterned_data/250612_patterned_plate_3/B04_TRAK2_250616/cell6.nd2,250612_patterned_plate_3,B04,TRAK2 helix muts,TRAK2
/Volumes/valelab/_for_Mark/patterned_data/250612_patterned_plate_3/B04_TRAK2_250616/cell8.nd2,250612_patterned_plate_3,B04,TRAK isoform (mito),TRAK2
/Volumes/valelab/_for_Mark/patterned_data/250612_patterned_plate_3/B04_TRAK2_250616/cell8.nd2,250612_patterned_plate_3,B04,TRAK2 helix muts,TRAK2
/Volumes/valelab/_for_Mark/patterned_data/250612_patterned_plate_3/B04_TRAK2_250616/cell9.nd2,250612_patterned_plate_3,B04,TRAK isoform (mito),TRAK2
/Volumes/valelab/_for_Mark/patterned_data/250612_patterned_plate_3/B04_TRAK2_250616/cell9.nd2,250612_patterned_plate_3,B04,TRAK2 helix muts,TRAK2
/Volumes/valelab/_for_Mark/patterned_data/250612_patterned_plate_3/B05_250617_TRAK1_mDRH/Cell1.nd2,250612_patterned_plate_3,B05,TRAK1 helix muts,T1 mDRH
/Volumes/valelab/_for_Mark/patterned_data/250612_patterned_plate_3/B05_250617_TRAK1_mDRH/Cell10.nd2,250612_patterned_plate_3,B05,TRAK1 helix muts,T1 mDRH
/Volumes/valelab/_for_Mark/patterned_data/250612_patterned_plate_3/B05_250617_TRAK1_mDRH/Cell11.nd2,250612_patterned_plate_3,B05,TRAK1 helix muts,T1 mDRH
/Volumes/valelab/_for_Mark/patterned_data/250612_patterned_plate_3/B05_250617_TRAK1_mDRH/Cell13.nd2,250612_patterned_plate_3,B05,TRAK1 helix muts,T1 mDRH
/Volumes/valelab/_for_Mark/patterned_data/250612_patterned_plate_3/B05_250617_TRAK1_mDRH/Cell3.nd2,250612_patterned_plate_3,B05,TRAK1 helix muts,T1 mDRH
/Volumes/valelab/_for_Mark/patterned_data/250612_patterned_plate_3/B05_250617_TRAK1_mDRH/Cell4.nd2,250612_patterned_plate_3,B05,TRAK1 helix muts,T1 mDRH
/Volumes/valelab/_for_Mark/patterned_data/250612_patterned_plate_3/B06_250617_TRAK1_mDRH_dSp/Cell1.nd2,250612_patterned_plate_3,B06,TRAK1 helix muts,T1 mDRH / dSp
/Volumes/valelab/_for_Mark/patterned_data/250612_patterned_plate_3/B06_250617_TRAK1_mDRH_dSp/Cell11.nd2,250612_patterned_plate_3,B06,TRAK1 helix muts,T1 mDRH / dSp
/Volumes/valelab/_for_Mark/patterned_data/250612_patterned_plate_3/B06_250617_TRAK1_mDRH_dSp/Cell12.nd2,250612_patterned_plate_3,B06,TRAK1 helix muts,T1 mDRH / dSp
/Volumes/valelab/_for_Mark/patterned_data/250612_patterned_plate_3/B06_250617_TRAK1_mDRH_dSp/Cell2.nd2,250612_patterned_plate_3,B06,TRAK1 helix muts,T1 mDRH / dSp
/Volumes/valelab/_for_Mark/patterned_data/250612_patterned_plate_3/B06_250617_TRAK1_mDRH_dSp/Cell4.nd2,250612_patterned_plate_3,B06,TRAK1 helix muts,T1 mDRH / dSp
/Volumes/valelab/_for_Mark/patterned_data/250612_patterned_plate_3/B06_250617_TRAK1_mDRH_dSp/Cell8.nd2,250612_patterned_plate_3,B06,TRAK1 helix muts,T1 mDRH / dSp
/Volumes/valelab/_for_Mark/patterned_data/250612_patterned_plate_3/B06_250617_TRAK1_mDRH_dSp/Cell9.nd2,250612_patterned_plate_3,B06,TRAK1 helix muts,T1 mDRH / dSp
/Volumes/valelab/_for_Mark/patterned_data/250612_patterned_plate_3/B07_TRAK2_mDRH/Cell10.nd2,250612_patterned_plate_3,B07,TRAK2 helix muts,TRAK2 mDRH
/Volumes/valelab/_for_Mark/patterned_data/250612_patterned_plate_3/B07_TRAK2_mDRH/Cell11.nd2,250612_patterned_plate_3,B07,TRAK2 helix muts,TRAK2 mDRH
/Volumes/valelab/_for_Mark/patterned_data/250612_patterned_plate_3/B07_TRAK2_mDRH/Cell13.nd2,250612_patterned_plate_3,B07,TRAK2 helix muts,TRAK2 mDRH
/Volumes/valelab/_for_Mark/patterned_data/250612_patterned_plate_3/B07_TRAK2_mDRH/Cell15.nd2,250612_patterned_plate_3,B07,TRAK2 helix muts,TRAK2 mDRH
/Volumes/valelab/_for_Mark/patterned_data/250612_patterned_plate_3/B07_TRAK2_mDRH/Cell3.nd2,250612_patterned_plate_3,B07,TRAK2 helix muts,TRAK2 mDRH
/Volumes/valelab/_for_Mark/patterned_data/250612_patterned_plate_3/B07_TRAK2_mDRH/Cell9.nd2,250612_patterned_plate_3,B07,TRAK2 helix muts,TRAK2 mDRH
/Volumes/valelab/_for_Mark/patterned_data/250612_patterned_plate_3/B08_TRAK2_mDRH_dSp/Cell1.nd2,250612_patterned_plate_3,B08,TRAK2 helix muts,TRAK2 mDRH mSpindly
/Volumes/valelab/_for_Mark/patterned_data/250612_patterned_plate_3/B08_TRAK2_mDRH_dSp/Cell10.nd2,250612_patterned_plate_3,B08,TRAK2 helix muts,TRAK2 mDRH mSpindly
/Volumes/valelab/_for_Mark/patterned_data/250612_patterned_plate_3/B08_TRAK2_mDRH_dSp/Cell11.nd2,250612_patterned_plate_3,B08,TRAK2 helix muts,TRAK2 mDRH mSpindly
/Volumes/valelab/_for_Mark/patterned_data/250612_patterned_plate_3/B08_TRAK2_mDRH_dSp/Cell12.nd2,250612_patterned_plate_3,B08,TRAK2 helix muts,TRAK2 mDRH mSpindly
/Volumes/valelab/_for_Mark/patterned_data/250612_patterned_plate_3/B08_TRAK2_mDRH_dSp/Cell13.nd2,250612_patterned_plate_3,B08,TRAK2 helix muts,TRAK2 mDRH mSpindly
/Volumes/valelab/_for_Mark/patterned_data/250612_patterned_plate_3/B08_TRAK2_mDRH_dSp/Cell15.nd2,250612_patterned_plate_3,B08,TRAK2 helix muts,TRAK2 mDRH mSpindly
/Volumes/valelab/_for_Mark/patterned_data/250612_patterned_plate_3/B08_TRAK2_mDRH_dSp/Cell2.nd2,250612_patterned_plate_3,B08,TRAK2 helix muts,TRAK2 mDRH mSpindly
/Volumes/valelab/_for_Mark/patterned_data/250612_patterned_plate_3/B08_TRAK2_mDRH_dSp/Cell3.nd2,250612_patterned_plate_3,B08,TRAK2 helix muts,TRAK2 mDRH mSpindly
/Volumes/valelab/_for_Mark/patterned_data/250612_patterned_plate_3/B08_TRAK2_mDRH_dSp/Cell4.nd2,250612_patterned_plate_3,B08,TRAK2 helix muts,TRAK2 mDRH mSpindly
/Volumes/valelab/_for_Mark/patterned_data/250612_patterned_plate_3/B08_TRAK2_mDRH_dSp/Cell5.nd2,250612_patterned_plate_3,B08,TRAK2 helix muts,TRAK2 mDRH mSpindly
/Volumes/valelab/_for_Mark/patterned_data/250612_patterned_plate_3/B08_TRAK2_mDRH_dSp/Cell6-1.nd2,250612_patterned_plate_3,B08,TRAK2 helix muts,TRAK2 mDRH mSpindly
/Volumes/valelab/_for_Mark/patterned_data/250612_patterned_plate_3/B08_TRAK2_mDRH_dSp/Cell8.nd2,250612_patterned_plate_3,B08,TRAK2 helix muts,TRAK2 mDRH mSpindly
/Volumes/valelab/_for_Mark/patterned_data/250710_patterned_plate_9_good/C02_250718_NoV/cell10.nd2,250710_patterned_plate_9_good,C02,TRAK isoform (mito),no TRAK
/Volumes/valelab/_for_Mark/patterned_data/250710_patterned_plate_9_good/C02_250718_NoV/cell11.nd2,250710_patterned_plate_9_good,C02,TRAK isoform (mito),no TRAK
/Volumes/valelab/_for_Mark/patterned_data/250710_patterned_plate_9_good/C02_250718_NoV/cell3.nd2,250710_patterned_plate_9_good,C02,TRAK isoform (mito),no TRAK
/Volumes/valelab/_for_Mark/patterned_data/250710_patterned_plate_9_good/C02_250718_NoV/cell4.nd2,250710_patterned_plate_9_good,C02,TRAK isoform (mito),no TRAK
/Volumes/valelab/_for_Mark/patterned_data/250710_patterned_plate_9_good/C02_250718_NoV/cell5.nd2,250710_patterned_plate_9_good,C02,TRAK isoform (mito),no TRAK
/Volumes/valelab/_for_Mark/patterned_data/250710_patterned_plate_9_good/C02_250718_NoV/cell6.nd2,250710_patterned_plate_9_good,C02,TRAK isoform (mito),no TRAK
/Volumes/valelab/_for_Mark/patterned_data/250710_patterned_plate_9_good/C02_250718_NoV/cell8.nd2,250710_patterned_plate_9_good,C02,TRAK isoform (mito),no TRAK
/Volumes/valelab/_for_Mark/patterned_data/250710_patterned_plate_9_good/C02_250718_NoV/cell9.nd2,250710_patterned_plate_9_good,C02,TRAK isoform (mito),no TRAK
/Volumes/valelab/_for_Mark/patterned_data/250710_patterned_plate_9_good/C03_250718_TRAK1/Cell1.nd2,250710_patterned_plate_9_good,C03,TRAK isoform (mito),TRAK1
/Volumes/valelab/_for_Mark/patterned_data/250710_patterned_plate_9_good/C03_250718_TRAK1/Cell1.nd2,250710_patterned_plate_9_good,C03,TRAK1 helix muts,T1 wt
/Volumes/valelab/_for_Mark/patterned_data/250710_patterned_plate_9_good/C03_250718_TRAK1/Cell10.nd2,250710_patterned_plate_9_good,C03,TRAK isoform (mito),TRAK1
/Volumes/valelab/_for_Mark/patterned_data/250710_patterned_plate_9_good/C03_250718_TRAK1/Cell10.nd2,250710_patterned_plate_9_good,C03,TRAK1 helix muts,T1 wt
/Volumes/valelab/_for_Mark/patterned_data/250710_patterned_plate_9_good/C03_250718_TRAK1/Cell11.nd2,250710_patterned_plate_9_good,C03,TRAK isoform (mito),TRAK1
/Volumes/valelab/_for_Mark/patterned_data/250710_patterned_plate_9_good/C03_250718_TRAK1/Cell11.nd2,250710_patterned_plate_9_good,C03,TRAK1 helix muts,T1 wt
/Volumes/valelab/_for_Mark/patterned_data/250710_patterned_plate_9_good/C03_250718_TRAK1/Cell13.nd2,250710_patterned_plate_9_good,C03,TRAK isoform (mito),TRAK1
/Volumes/valelab/_for_Mark/patterned_data/250710_patterned_plate_9_good/C03_250718_TRAK1/Cell13.nd2,250710_patterned_plate_9_good,C03,TRAK1 helix muts,T1 wt
/Volumes/valelab/_for_Mark/patterned_data/250710_patterned_plate_9_good/C03_250718_TRAK1/Cell2.nd2,250710_patterned_plate_9_good,C03,TRAK isoform (mito),TRAK1
/Volumes/valelab/_for_Mark/patterned_data/250710_patterned_plate_9_good/C03_250718_TRAK1/Cell2.nd2,250710_patterned_plate_9_good,C03,TRAK1 helix muts,T1 wt
/Volumes/valelab/_for_Mark/patterned_data/250710_patterned_plate_9_good/C03_250718_TRAK1/Cell5.nd2,250710_patterned_plate_9_good,C03,TRAK isoform (mito),TRAK1
/Volumes/valelab/_for_Mark/patterned_data/250710_patterned_plate_9_good/C03_250718_TRAK1/Cell5.nd2,250710_patterned_plate_9_good,C03,TRAK1 helix muts,T1 wt
/Volumes/valelab/_for_Mark/patterned_data/250710_patterned_plate_9_good/C03_250718_TRAK1/Cell7.nd2,250710_patterned_plate_9_good,C03,TRAK isoform (mito),TRAK1
/Volumes/valelab/_for_Mark/patterned_data/250710_patterned_plate_9_good/C03_250718_TRAK1/Cell7.nd2,250710_patterned_plate_9_good,C03,TRAK1 helix muts,T1 wt
/Volumes/valelab/_for_Mark/patterned_data/250710_patterned_plate_9_good/C03_250718_TRAK1/Cell9.nd2,250710_patterned_plate_9_good,C03,TRAK isoform (mito),TRAK1
/Volumes/valelab/_for_Mark/patterned_data/250710_patterned_plate_9_good/C03_250718_TRAK1/Cell9.nd2,250710_patterned_plate_9_good,C03,TRAK1 helix muts,T1 wt
/Volumes/valelab/_for_Mark/patterned_data/250710_patterned_plate_9_good/C04_250718_TRAK2/Cell1.nd2,250710_patterned_plate_9_good,C04,TRAK isoform (mito),TRAK2
/Volumes/valelab/_for_Mark/patterned_data/250710_patterned_plate_9_good/C04_250718_TRAK2/Cell1.nd2,250710_patterned_plate_9_good,C04,TRAK2 helix muts,TRAK2
/Volumes/valelab/_for_Mark/patterned_data/250710_patterned_plate_9_good/C04_250718_TRAK2/Cell11.nd2,250710_patterned_plate_9_good,C04,TRAK isoform (mito),TRAK2
/Volumes/valelab/_for_Mark/patterned_data/250710_patterned_plate_9_good/C04_250718_TRAK2/Cell11.nd2,250710_patterned_plate_9_good,C04,TRAK2 helix muts,TRAK2
/Volumes/valelab/_for_Mark/patterned_data/250710_patterned_plate_9_good/C04_250718_TRAK2/Cell12.nd2,250710_patterned_plate_9_good,C04,TRAK isoform (mito),TRAK2
/Volumes/valelab/_for_Mark/patterned_data/250710_patterned_plate_9_good/C04_250718_TRAK2/Cell12.nd2,250710_patterned_plate_9_good,C04,TRAK2 helix muts,TRAK2
/Volumes/valelab/_for_Mark/patterned_data/250710_patterned_plate_9_good/C04_250718_TRAK2/Cell2.nd2,250710_patterned_plate_9_good,C04,TRAK isoform (mito),TRAK2
/Volumes/valelab/_for_Mark/patterned_data/250710_patterned_plate_9_good/C04_250718_TRAK2/Cell2.nd2,250710_patterned_plate_9_good,C04,TRAK2 helix muts,TRAK2
/Volumes/valelab/_for_Mark/patterned_data/250710_patterned_plate_9_good/C04_250718_TRAK2/Cell3.nd2,250710_patterned_plate_9_good,C04,TRAK isoform (mito),TRAK2
/Volumes/valelab/_for_Mark/patterned_data/250710_patterned_plate_9_good/C04_250718_TRAK2/Cell3.nd2,250710_patterned_plate_9_good,C04,TRAK2 helix muts,TRAK2
/Volumes/valelab/_for_Mark/patterned_data/250710_patterned_plate_9_good/C04_250718_TRAK2/Cell4.nd2,250710_patterned_plate_9_good,C04,TRAK isoform (mito),TRAK2
/Volumes/valelab/_for_Mark/patterned_data/250710_patterned_plate_9_good/C04_250718_TRAK2/Cell4.nd2,250710_patterned_plate_9_good,C04,TRAK2 helix muts,TRAK2
/Volumes/valelab/_for_Mark/patterned_data/250710_patterned_plate_9_good/C04_250718_TRAK2/Cell5.nd2,250710_patterned_plate_9_good,C04,TRAK isoform (mito),TRAK2
/Volumes/valelab/_for_Mark/patterned_data/250710_patterned_plate_9_good/C04_250718_TRAK2/Cell5.nd2,250710_patterned_plate_9_good,C04,TRAK2 helix muts,TRAK2
/Volumes/valelab/_for_Mark/patterned_data/250710_patterned_plate_9_good/C04_250718_TRAK2/Cell6.nd2,250710_patterned_plate_9_good,C04,TRAK isoform (mito),TRAK2
/Volumes/valelab/_for_Mark/patterned_data/250710_patterned_plate_9_good/C04_250718_TRAK2/Cell6.nd2,250710_patterned_plate_9_good,C04,TRAK2 helix muts,TRAK2
/Volumes/valelab/_for_Mark/patterned_data/250710_patterned_plate_9_good/C04_250718_TRAK2/Cell7.nd2,250710_patterned_plate_9_good,C04,TRAK isoform (mito),TRAK2
/Volumes/valelab/_for_Mark/patterned_data/250710_patterned_plate_9_good/C04_250718_TRAK2/Cell7.nd2,250710_patterned_plate_9_good,C04,TRAK2 helix muts,TRAK2
/Volumes/valelab/_for_Mark/patterned_data/250710_patterned_plate_9_good/C04_250718_TRAK2/Cell8.nd2,250710_patterned_plate_9_good,C04,TRAK isoform (mito),TRAK2
/Volumes/valelab/_for_Mark/patterned_data/250710_patterned_plate_9_good/C04_250718_TRAK2/Cell8.nd2,250710_patterned_plate_9_good,C04,TRAK2 helix muts,TRAK2
/Volumes/valelab/_for_Mark/patterned_data/250710_patterned_plate_9_good/C04_250718_TRAK2/Cell9.nd2,250710_patterned_plate_9_good,C04,TRAK isoform (mito),TRAK2
/Volumes/valelab/_for_Mark/patterned_data/250710_patterned_plate_9_good/C04_250718_TRAK2/Cell9.nd2,250710_patterned_plate_9_good,C04,TRAK2 helix muts,TRAK2
/Volumes/valelab/_for_Mark/patterned_data/250710_patterned_plate_9_good/C05_250718_TRAK1_mDRH/Cell1.nd2,250710_patterned_plate_9_good,C05,TRAK1 helix muts,T1 mDRH
/Volumes/valelab/_for_Mark/patterned_data/250710_patterned_plate_9_good/C05_250718_TRAK1_mDRH/Cell10.nd2,250710_patterned_plate_9_good,C05,TRAK1 helix muts,T1 mDRH
/Volumes/valelab/_for_Mark/patterned_data/250710_patterned_plate_9_good/C05_250718_TRAK1_mDRH/Cell11.nd2,250710_patterned_plate_9_good,C05,TRAK1 helix muts,T1 mDRH
/Volumes/valelab/_for_Mark/patterned_data/250710_patterned_plate_9_good/C05_250718_TRAK1_mDRH/Cell12.nd2,250710_patterned_plate_9_good,C05,TRAK1 helix muts,T1 mDRH
/Volumes/valelab/_for_Mark/patterned_data/250710_patterned_plate_9_good/C05_250718_TRAK1_mDRH/Cell2.nd2,250710_patterned_plate_9_good,C05,TRAK1 helix muts,T1 mDRH
/Volumes/valelab/_for_Mark/patterned_data/250710_patterned_plate_9_good/C05_250718_TRAK1_mDRH/Cell4.nd2,250710_patterned_plate_9_good,C05,TRAK1 helix muts,T1 mDRH
/Volumes/valelab/_for_Mark/patterned_data/250710_patterned_plate_9_good/C05_250718_TRAK1_mDRH/Cell6.nd2,250710_patterned_plate_9_good,C05,TRAK1 helix muts,T1 mDRH
/Volumes/valelab/_for_Mark/patterned_data/250710_patterned_plate_9_good/C05_250718_TRAK1_mDRH/Cell7.nd2,250710_patterned_plate_9_good,C05,TRAK1 helix muts,T1 mDRH
/Volumes/valelab/_for_Mark/patterned_data/250710_patterned_plate_9_good/C05_250718_TRAK1_mDRH/Cell8.nd2,250710_patterned_plate_9_good,C05,TRAK1 helix muts,T1 mDRH
/Volumes/valelab/_for_Mark/patterned_data/250710_patterned_plate_9_good/C05_250718_TRAK1_mDRH/Cell9.nd2,250710_patterned_plate_9_good,C05,TRAK1 helix muts,T1 mDRH
/Volumes/valelab/_for_Mark/patterned_data/250710_patterned_plate_9_good/C06_250718_TRAK1_mDRH_dSp/Cell10.nd2,250710_patterned_plate_9_good,C06,TRAK1 helix muts,T1 mDRH / dSp
/Volumes/valelab/_for_Mark/patterned_data/250710_patterned_plate_9_good/C06_250718_TRAK1_mDRH_dSp/Cell11.nd2,250710_patterned_plate_9_good,C06,TRAK1 helix muts,T1 mDRH / dSp
/Volumes/valelab/_for_Mark/patterned_data/250710_patterned_plate_9_good/C06_250718_TRAK1_mDRH_dSp/Cell13.nd2,250710_patterned_plate_9_good,C06,TRAK1 helix muts,T1 mDRH / dSp
/Volumes/valelab/_for_Mark/patterned_data/250710_patterned_plate_9_good/C06_250718_TRAK1_mDRH_dSp/Cell2.nd2,250710_patterned_plate_9_good,C06,TRAK1 helix muts,T1 mDRH / dSp
/Volumes/valelab/_for_Mark/patterned_data/250710_patterned_plate_9_good/C06_250718_TRAK1_mDRH_dSp/Cell3.nd2,250710_patterned_plate_9_good,C06,TRAK1 helix muts,T1 mDRH / dSp
/Volumes/valelab/_for_Mark/patterned_data/250710_patterned_plate_9_good/C06_250718_TRAK1_mDRH_dSp/Cell5.nd2,250710_patterned_plate_9_good,C06,TRAK1 helix muts,T1 mDRH / dSp
/Volumes/valelab/_for_Mark/patterned_data/250710_patterned_plate_9_good/C06_250718_TRAK1_mDRH_dSp/Cell7.nd2,250710_patterned_plate_9_good,C06,TRAK1 helix muts,T1 mDRH / dSp
/Volumes/valelab/_for_Mark/patterned_data/250710_patterned_plate_9_good/C06_250718_TRAK1_mDRH_dSp/Cell8.nd2,250710_patterned_plate_9_good,C06,TRAK1 helix muts,T1 mDRH / dSp
/Volumes/valelab/_for_Mark/patterned_data/250710_patterned_plate_9_good/C07_250718_TRAK2_mDRH/Cell10.nd2,250710_patterned_plate_9_good,C07,TRAK2 helix muts,TRAK2 mDRH
/Volumes/valelab/_for_Mark/patterned_data/250710_patterned_plate_9_good/C07_250718_TRAK2_mDRH/Cell11.nd2,250710_patterned_plate_9_good,C07,TRAK2 helix muts,TRAK2 mDRH
/Volumes/valelab/_for_Mark/patterned_data/250710_patterned_plate_9_good/C07_250718_TRAK2_mDRH/Cell12.nd2,250710_patterned_plate_9_good,C07,TRAK2 helix muts,TRAK2 mDRH
/Volumes/valelab/_for_Mark/patterned_data/250710_patterned_plate_9_good/C07_250718_TRAK2_mDRH/Cell2.nd2,250710_patterned_plate_9_good,C07,TRAK2 helix muts,TRAK2 mDRH
/Volumes/valelab/_for_Mark/patterned_data/250710_patterned_plate_9_good/C07_250718_TRAK2_mDRH/Cell3.nd2,250710_patterned_plate_9_good,C07,TRAK2 helix muts,TRAK2 mDRH
/Volumes/valelab/_for_Mark/patterned_data/250710_patterned_plate_9_good/C07_250718_TRAK2_mDRH/Cell4.nd2,250710_patterned_plate_9_good,C07,TRAK2 helix muts,TRAK2 mDRH
/Volumes/valelab/_for_Mark/patterned_data/250710_patterned_plate_9_good/C07_250718_TRAK2_mDRH/Cell5.nd2,250710_patterned_plate_9_good,C07,TRAK2 helix muts,TRAK2 mDRH
/Volumes/valelab/_for_Mark/patterned_data/250710_patterned_plate_9_good/C07_250718_TRAK2_mDRH/Cell6.nd2,250710_patterned_plate_9_good,C07,TRAK2 helix muts,TRAK2 mDRH
/Volumes/valelab/_for_Mark/patterned_data/250710_patterned_plate_9_good/C07_250718_TRAK2_mDRH/Cell7.nd2,250710_patterned_plate_9_good,C07,TRAK2 helix muts,TRAK2 mDRH
/Volumes/valelab/_for_Mark/patterned_data/250710_patterned_plate_9_good/C07_250718_TRAK2_mDRH/Cell8.nd2,250710_patterned_plate_9_good,C07,TRAK2 helix muts,TRAK2 mDRH
/Volumes/valelab/_for_Mark/patterned_data/250710_patterned_plate_9_good/C08_250721_TRAK2_mDRH_dSp/Cell1.nd2,250710_patterned_plate_9_good,C08,TRAK2 helix muts,TRAK2 mDRH mSpindly
/Volumes/valelab/_for_Mark/patterned_data/250710_patterned_plate_9_good/C08_250721_TRAK2_mDRH_dSp/Cell10.nd2,250710_patterned_plate_9_good,C08,TRAK2 helix muts,TRAK2 mDRH mSpindly
/Volumes/valelab/_for_Mark/patterned_data/250710_patterned_plate_9_good/C08_250721_TRAK2_mDRH_dSp/Cell12.nd2,250710_patterned_plate_9_good,C08,TRAK2 helix muts,TRAK2 mDRH mSpindly
/Volumes/valelab/_for_Mark/patterned_data/250710_patterned_plate_9_good/C08_250721_TRAK2_mDRH_dSp/Cell4.nd2,250710_patterned_plate_9_good,C08,TRAK2 helix muts,TRAK2 mDRH mSpindly
/Volumes/valelab/_for_Mark/patterned_data/250710_patterned_plate_9_good/C08_250721_TRAK2_mDRH_dSp/Cell5.nd2,250710_patterned_plate_9_good,C08,TRAK2 helix muts,TRAK2 mDRH mSpindly
/Volumes/valelab/_for_Mark/patterned_data/250710_patterned_plate_9_good/C08_250721_TRAK2_mDRH_dSp/Cell6.nd2,250710_patterned_plate_9_good,C08,TRAK2 helix muts,TRAK2 mDRH mSpindly
/Volumes/valelab/_for_Mark/patterned_data/250710_patterned_plate_9_good/C08_250721_TRAK2_mDRH_dSp/Cell9.nd2,250710_patterned_plate_9_good,C08,TRAK2 helix muts,TRAK2 mDRH mSpindly
/Volumes/valelab/_for_Mark/patterned_data/250710_patterned_plate_9_good/F05_250717_ctrl_siRNA_ctrl/Cell10.nd2,250710_patterned_plate_9_good,F05,MAPK9 siRNA,ctrl ctrl
/Volumes/valelab/_for_Mark/patterned_data/250710_patterned_plate_9_good/F05_250717_ctrl_siRNA_ctrl/Cell11.nd2,250710_patterned_plate_9_good,F05,MAPK9 siRNA,ctrl ctrl
/Volumes/valelab/_for_Mark/patterned_data/250710_patterned_plate_9_good/F05_250717_ctrl_siRNA_ctrl/Cell12.nd2,250710_patterned_plate_9_good,F05,MAPK9 siRNA,ctrl ctrl
/Volumes/valelab/_for_Mark/patterned_data/250710_patterned_plate_9_good/F05_250717_ctrl_siRNA_ctrl/Cell2.nd2,250710_patterned_plate_9_good,F05,MAPK9 siRNA,ctrl ctrl
/Volumes/valelab/_for_Mark/patterned_data/250710_patterned_plate_9_good/F05_250717_ctrl_siRNA_ctrl/Cell3.nd2,250710_patterned_plate_9_good,F05,MAPK9 siRNA,ctrl ctrl
/Volumes/valelab/_for_Mark/patterned_data/250710_patterned_plate_9_good/F05_250717_ctrl_siRNA_ctrl/Cell4.nd2,250710_patterned_plate_9_good,F05,MAPK9 siRNA,ctrl ctrl
/Volumes/valelab/_for_Mark/patterned_data/250710_patterned_plate_9_good/F05_250717_ctrl_siRNA_ctrl/Cell5.nd2,250710_patterned_plate_9_good,F05,MAPK9 siRNA,ctrl ctrl
/Volumes/valelab/_for_Mark/patterned_data/250710_patterned_plate_9_good/F05_250717_ctrl_siRNA_ctrl/Cell6.nd2,250710_patterned_plate_9_good,F05,MAPK9 siRNA,ctrl ctrl
/Volumes/valelab/_for_Mark/patterned_data/250710_patterned_plate_9_good/F05_250717_ctrl_siRNA_ctrl/Cell8.nd2,250710_patterned_plate_9_good,F05,MAPK9 siRNA,ctrl ctrl
/Volumes/valelab/_for_Mark/patterned_data/250710_patterned_plate_9_good/F05_250717_ctrl_siRNA_ctrl/Cell9.nd2,250710_patterned_plate_9_good,F05,MAPK9 siRNA,ctrl ctrl
/Volumes/valelab/_for_Mark/patterned_data/250710_patterned_plate_9_good/F11_250717_ctrl_siRNA_Ars/Cell1.nd2,250710_patterned_plate_9_good,F11,MAPK9 siRNA,ctrl Ars
/Volumes/valelab/_for_Mark/patterned_data/250710_patterned_plate_9_good/F11_250717_ctrl_siRNA_Ars/Cell3.nd2,250710_patterned_plate_9_good,F11,MAPK9 siRNA,ctrl Ars
/Volumes/valelab/_for_Mark/patterned_data/250710_patterned_plate_9_good/F11_250717_ctrl_siRNA_Ars/Cell4.nd2,250710_patterned_plate_9_good,F11,MAPK9 siRNA,ctrl Ars
/Volumes/valelab/_for_Mark/patterned_data/250710_patterned_plate_9_good/F11_250717_ctrl_siRNA_Ars/Cell6.nd2,250710_patterned_plate_9_good,F11,MAPK9 siRNA,ctrl Ars
/Volumes/valelab/_for_Mark/patterned_data/250710_patterned_plate_9_good/F11_250717_ctrl_siRNA_Ars/Cell8.nd2,250710_patterned_plate_9_good,F11,MAPK9 siRNA,ctrl Ars
/Volumes/valelab/_for_Mark/patterned_data/250710_patterned_plate_9_good/F11_250717_ctrl_siRNA_Ars/Cell9.nd2,250710_patterned_plate_9_good,F11,MAPK9 siRNA,ctrl Ars
/Volumes/valelab/_for_Mark/patterned_data/250710_patterned_plate_9_good/G03_250717_MAPK9_siRNA_ctrl/cell10.nd2,250710_patterned_plate_9_good,G03,MAPK9 siRNA,MAPK9 ctrl
/Volumes/valelab/_for_Mark/patterned_data/250710_patterned_plate_9_good/G03_250717_MAPK9_siRNA_ctrl/cell11.nd2,250710_patterned_plate_9_good,G03,MAPK9 siRNA,MAPK9 ctrl
/Volumes/valelab/_for_Mark/patterned_data/250710_patterned_plate_9_good/G03_250717_MAPK9_siRNA_ctrl/cell12.nd2,250710_patterned_plate_9_good,G03,MAPK9 siRNA,MAPK9 ctrl
/Volumes/valelab/_for_Mark/patterned_data/250710_patterned_plate_9_good/G03_250717_MAPK9_siRNA_ctrl/cell2.nd2,250710_patterned_plate_9_good,G03,MAPK9 siRNA,MAPK9 ctrl
/Volumes/valelab/_for_Mark/patterned_data/250710_patterned_plate_9_good/G03_250717_MAPK9_siRNA_ctrl/cell4.nd2,250710_patterned_plate_9_good,G03,MAPK9 siRNA,MAPK9 ctrl
/Volumes/valelab/_for_Mark/patterned_data/250710_patterned_plate_9_good/G03_250717_MAPK9_siRNA_ctrl/cell5.nd2,250710_patterned_plate_9_good,G03,MAPK9 siRNA,MAPK9 ctrl
/Volumes/valelab/_for_Mark/patterned_data/250710_patterned_plate_9_good/G03_250717_MAPK9_siRNA_ctrl/cell6.nd2,250710_patterned_plate_9_good,G03,MAPK9 siRNA,MAPK9 ctrl
/Volumes/valelab/_for_Mark/patterned_data/250710_patterned_plate_9_good/G03_250717_MAPK9_siRNA_ctrl/cell7.nd2,250710_patterned_plate_9_good,G03,MAPK9 siRNA,MAPK9 ctrl
/Volumes/valelab/_for_Mark/patterned_data/250710_patterned_plate_9_good/G03_250717_MAPK9_siRNA_ctrl/cell8.nd2,250710_patterned_plate_9_good,G03,MAPK9 siRNA,MAPK9 ctrl
/Volumes/valelab/_for_Mark/patterned_data/250710_patterned_plate_9_good/G03_250717_MAPK9_siRNA_ctrl/cell9.nd2,250710_patterned_plate_9_good,G03,MAPK9 siRNA,MAPK9 ctrl
/Volumes/valelab/_for_Mark/patterned_data/250710_patterned_plate_9_good/G09_250718_MAPK9_siRNA_Ars/Cell1.nd2,250710_patterned_plate_9_good,G09,MAPK9 siRNA,MAPK9 Ars
/Volumes/valelab/_for_Mark/patterned_data/250710_patterned_plate_9_good/G09_250718_MAPK9_siRNA_Ars/Cell10.nd2,250710_patterned_plate_9_good,G09,MAPK9 siRNA,MAPK9 Ars
/Volumes/valelab/_for_Mark/patterned_data/250710_patterned_plate_9_good/G09_250718_MAPK9_siRNA_Ars/Cell11.nd2,250710_patterned_plate_9_good,G09,MAPK9 siRNA,MAPK9 Ars
/Volumes/valelab/_for_Mark/patterned_data/250710_patterned_plate_9_good/G09_250718_MAPK9_siRNA_Ars/Cell12.nd2,250710_patterned_plate_9_good,G09,MAPK9 siRNA,MAPK9 Ars
/Volumes/valelab/_for_Mark/patterned_data/250710_patterned_plate_9_good/G09_250718_MAPK9_siRNA_Ars/Cell3.nd2,250710_patterned_plate_9_good,G09,MAPK9 siRNA,MAPK9 Ars
/Volumes/valelab/_for_Mark/patterned_data/250710_patterned_plate_9_good/G09_250718_MAPK9_siRNA_Ars/Cell5.nd2,250710_patterned_plate_9_good,G09,MAPK9 siRNA,MAPK9 Ars
/Volumes/valelab/_for_Mark/patterned_data/250710_patterned_plate_9_good/G09_250718_MAPK9_siRNA_Ars/Cell6.nd2,250710_patterned_plate_9_good,G09,MAPK9 siRNA,MAPK9 Ars
/Volumes/valelab/_for_Mark/patterned_data/250710_patterned_plate_9_good/G09_250718_MAPK9_siRNA_Ars/Cell7.nd2,250710_patterned_plate_9_good,G09,MAPK9 siRNA,MAPK9 Ars
/Volumes/valelab/_for_Mark/patterned_data/250710_patterned_plate_9_good/G09_250718_MAPK9_siRNA_Ars/Cell8.nd2,250710_patterned_plate_9_good,G09,MAPK9 siRNA,MAPK9 Ars
/Volumes/valelab/_for_Mark/patterned_data/250710_patterned_plate_9_good/G09_250718_MAPK9_siRNA_Ars/Cell9.nd2,250710_patterned_plate_9_good,G09,MAPK9 siRNA,MAPK9 Ars
/Volumes/valelab/_for_Mark/patterned_data/250724_patterned_plate_10/B03_250728_MAPK9_siRNA_Ars/Cell1.nd2,250724_patterned_plate_10,B03,MAPK9 siRNA,MAPK9 Ars
/Volumes/valelab/_for_Mark/patterned_data/250724_patterned_plate_10/B03_250728_MAPK9_siRNA_Ars/Cell10.nd2,250724_patterned_plate_10,B03,MAPK9 siRNA,MAPK9 Ars
/Volumes/valelab/_for_Mark/patterned_data/250724_patterned_plate_10/B03_250728_MAPK9_siRNA_Ars/Cell11.nd2,250724_patterned_plate_10,B03,MAPK9 siRNA,MAPK9 Ars
/Volumes/valelab/_for_Mark/patterned_data/250724_patterned_plate_10/B03_250728_MAPK9_siRNA_Ars/Cell12.nd2,250724_patterned_plate_10,B03,MAPK9 siRNA,MAPK9 Ars
/Volumes/valelab/_for_Mark/patterned_data/250724_patterned_plate_10/B03_250728_MAPK9_siRNA_Ars/Cell13.nd2,250724_patterned_plate_10,B03,MAPK9 siRNA,MAPK9 Ars
/Volumes/valelab/_for_Mark/patterned_data/250724_patterned_plate_10/B03_250728_MAPK9_siRNA_Ars/Cell14.nd2,250724_patterned_plate_10,B03,MAPK9 siRNA,MAPK9 Ars
/Volumes/valelab/_for_Mark/patterned_data/250724_patterned_plate_10/B03_250728_MAPK9_siRNA_Ars/Cell15.nd2,250724_patterned_plate_10,B03,MAPK9 siRNA,MAPK9 Ars
/Volumes/valelab/_for_Mark/patterned_data/250724_patterned_plate_10/B03_250728_MAPK9_siRNA_Ars/Cell16.nd2,250724_patterned_plate_10,B03,MAPK9 siRNA,MAPK9 Ars
/Volumes/valelab/_for_Mark/patterned_data/250724_patterned_plate_10/B03_250728_MAPK9_siRNA_Ars/Cell17.nd2,250724_patterned_plate_10,B03,MAPK9 siRNA,MAPK9 Ars
/Volumes/valelab/_for_Mark/patterned_data/250724_patterned_plate_10/B03_250728_MAPK9_siRNA_Ars/Cell18.nd2,250724_patterned_plate_10,B03,MAPK9 siRNA,MAPK9 Ars
/Volumes/valelab/_for_Mark/patterned_data/250724_patterned_plate_10/B03_250728_MAPK9_siRNA_Ars/Cell19.nd2,250724_patterned_plate_10,B03,MAPK9 siRNA,MAPK9 Ars
/Volumes/valelab/_for_Mark/patterned_data/250724_patterned_plate_10/B03_250728_MAPK9_siRNA_Ars/Cell2.nd2,250724_patterned_plate_10,B03,MAPK9 siRNA,MAPK9 Ars
/Volumes/valelab/_for_Mark/patterned_data/250724_patterned_plate_10/B03_250728_MAPK9_siRNA_Ars/Cell20.nd2,250724_patterned_plate_10,B03,MAPK9 siRNA,MAPK9 Ars
/Volumes/valelab/_for_Mark/patterned_data/250724_patterned_plate_10/B03_250728_MAPK9_siRNA_Ars/Cell3.nd2,250724_patterned_plate_10,B03,MAPK9 siRNA,MAPK9 Ars
/Volumes/valelab/_for_Mark/patterned_data/250724_patterned_plate_10/B03_250728_MAPK9_siRNA_Ars/Cell4.nd2,250724_patterned_plate_10,B03,MAPK9 siRNA,MAPK9 Ars
/Volumes/valelab/_for_Mark/patterned_data/250724_patterned_plate_10/B03_250728_MAPK9_siRNA_Ars/Cell5.nd2,250724_patterned_plate_10,B03,MAPK9 siRNA,MAPK9 Ars
/Volumes/valelab/_for_Mark/patterned_data/250724_patterned_plate_10/B03_250728_MAPK9_siRNA_Ars/Cell6.nd2,250724_patterned_plate_10,B03,MAPK9 siRNA,MAPK9 Ars
/Volumes/valelab/_for_Mark/patterned_data/250724_patterned_plate_10/B03_250728_MAPK9_siRNA_Ars/Cell7.nd2,250724_patterned_plate_10,B03,MAPK9 siRNA,MAPK9 Ars
/Volumes/valelab/_for_Mark/patterned_data/250724_patterned_plate_10/B03_250728_MAPK9_siRNA_Ars/Cell8.nd2,250724_patterned_plate_10,B03,MAPK9 siRNA,MAPK9 Ars
/Volumes/valelab/_for_Mark/patterned_data/250724_patterned_plate_10/B03_250728_MAPK9_siRNA_Ars/Cell9.nd2,250724_patterned_plate_10,B03,MAPK9 siRNA,MAPK9 Ars
/Volumes/valelab/_for_Mark/patterned_data/250724_patterned_plate_10/E02_250728_ctrl_siRNA_Ars/Cell10.nd2,250724_patterned_plate_10,E02,MAPK9 siRNA,ctrl Ars
/Volumes/valelab/_for_Mark/patterned_data/250724_patterned_plate_10/E02_250728_ctrl_siRNA_Ars/Cell11.nd2,250724_patterned_plate_10,E02,MAPK9 siRNA,ctrl Ars
/Volumes/valelab/_for_Mark/patterned_data/250724_patterned_plate_10/E02_250728_ctrl_siRNA_Ars/Cell12.nd2,250724_patterned_plate_10,E02,MAPK9 siRNA,ctrl Ars
/Volumes/valelab/_for_Mark/patterned_data/250724_patterned_plate_10/E02_250728_ctrl_siRNA_Ars/Cell14.nd2,250724_patterned_plate_10,E02,MAPK9 siRNA,ctrl Ars
/Volumes/valelab/_for_Mark/patterned_data/250724_patterned_plate_10/E02_250728_ctrl_siRNA_Ars/Cell15.nd2,250724_patterned_plate_10,E02,MAPK9 siRNA,ctrl Ars
/Volumes/valelab/_for_Mark/patterned_data/250724_patterned_plate_10/E02_250728_ctrl_siRNA_Ars/Cell16.nd2,250724_patterned_plate_10,E02,MAPK9 siRNA,ctrl Ars
/Volumes/valelab/_for_Mark/patterned_data/250724_patterned_plate_10/E02_250728_ctrl_siRNA_Ars/Cell17.nd2,250724_patterned_plate_10,E02,MAPK9 siRNA,ctrl Ars
/Volumes/valelab/_for_Mark/patterned_data/250724_patterned_plate_10/E02_250728_ctrl_siRNA_Ars/Cell18.nd2,250724_patterned_plate_10,E02,MAPK9 siRNA,ctrl Ars
/Volumes/valelab/_for_Mark/patterned_data/250724_patterned_plate_10/E02_250728_ctrl_siRNA_Ars/Cell19.nd2,250724_patterned_plate_10,E02,MAPK9 siRNA,ctrl Ars
/Volumes/valelab/_for_Mark/patterned_data/250724_patterned_plate_10/E02_250728_ctrl_siRNA_Ars/Cell2.nd2,250724_patterned_plate_10,E02,MAPK9 siRNA,ctrl Ars
/Volumes/valelab/_for_Mark/patterned_data/250724_patterned_plate_10/E02_250728_ctrl_siRNA_Ars/Cell20.nd2,250724_patterned_plate_10,E02,MAPK9 siRNA,ctrl Ars
/Volumes/valelab/_for_Mark/patterned_data/250724_patterned_plate_10/E02_250728_ctrl_siRNA_Ars/Cell3.nd2,250724_patterned_plate_10,E02,MAPK9 siRNA,ctrl Ars
/Volumes/valelab/_for_Mark/patterned_data/250724_patterned_plate_10/E02_250728_ctrl_siRNA_Ars/Cell4.nd2,250724_patterned_plate_10,E02,MAPK9 siRNA,ctrl Ars
/Volumes/valelab/_for_Mark/patterned_data/250724_patterned_plate_10/E02_250728_ctrl_siRNA_Ars/Cell6.nd2,250724_patterned_plate_10,E02,MAPK9 siRNA,ctrl Ars
/Volumes/valelab/_for_Mark/patterned_data/250724_patterned_plate_10/E02_250728_ctrl_siRNA_Ars/Cell7.nd2,250724_patterned_plate_10,E02,MAPK9 siRNA,ctrl Ars
/Volumes/valelab/_for_Mark/patterned_data/250724_patterned_plate_10/E02_250728_ctrl_siRNA_Ars/Cell8.nd2,250724_patterned_plate_10,E02,MAPK9 siRNA,ctrl Ars
/Volumes/valelab/_for_Mark/patterned_data/250731_patterned_plate_11_good/B03_250806_ctrl_siRNA_Ars/Cell10.nd2,250731_patterned_plate_11_good,B03,MAPK9 siRNA,ctrl Ars
/Volumes/valelab/_for_Mark/patterned_data/250731_patterned_plate_11_good/B03_250806_ctrl_siRNA_Ars/Cell11.nd2,250731_patterned_plate_11_good,B03,MAPK9 siRNA,ctrl Ars
/Volumes/valelab/_for_Mark/patterned_data/250731_patterned_plate_11_good/B03_250806_ctrl_siRNA_Ars/Cell12.nd2,250731_patterned_plate_11_good,B03,MAPK9 siRNA,ctrl Ars
/Volumes/valelab/_for_Mark/patterned_data/250731_patterned_plate_11_good/B03_250806_ctrl_siRNA_Ars/Cell13.nd2,250731_patterned_plate_11_good,B03,MAPK9 siRNA,ctrl Ars
/Volumes/valelab/_for_Mark/patterned_data/250731_patterned_plate_11_good/B03_250806_ctrl_siRNA_Ars/Cell15.nd2,250731_patterned_plate_11_good,B03,MAPK9 siRNA,ctrl Ars
/Volumes/valelab/_for_Mark/patterned_data/250731_patterned_plate_11_good/B03_250806_ctrl_siRNA_Ars/Cell17.nd2,250731_patterned_plate_11_good,B03,MAPK9 siRNA,ctrl Ars
/Volumes/valelab/_for_Mark/patterned_data/250731_patterned_plate_11_good/B03_250806_ctrl_siRNA_Ars/Cell18.nd2,250731_patterned_plate_11_good,B03,MAPK9 siRNA,ctrl Ars
/Volumes/valelab/_for_Mark/patterned_data/250731_patterned_plate_11_good/B03_250806_ctrl_siRNA_Ars/Cell19.nd2,250731_patterned_plate_11_good,B03,MAPK9 siRNA,ctrl Ars
/Volumes/valelab/_for_Mark/patterned_data/250731_patterned_plate_11_good/B03_250806_ctrl_siRNA_Ars/Cell2.nd2,250731_patterned_plate_11_good,B03,MAPK9 siRNA,ctrl Ars
/Volumes/valelab/_for_Mark/patterned_data/250731_patterned_plate_11_good/B03_250806_ctrl_siRNA_Ars/Cell20.nd2,250731_patterned_plate_11_good,B03,MAPK9 siRNA,ctrl Ars
/Volumes/valelab/_for_Mark/patterned_data/250731_patterned_plate_11_good/B03_250806_ctrl_siRNA_Ars/Cell3.nd2,250731_patterned_plate_11_good,B03,MAPK9 siRNA,ctrl Ars
/Volumes/valelab/_for_Mark/patterned_data/250731_patterned_plate_11_good/B03_250806_ctrl_siRNA_Ars/Cell4.nd2,250731_patterned_plate_11_good,B03,MAPK9 siRNA,ctrl Ars
/Volumes/valelab/_for_Mark/patterned_data/250731_patterned_plate_11_good/B03_250806_ctrl_siRNA_Ars/Cell5.nd2,250731_patterned_plate_11_good,B03,MAPK9 siRNA,ctrl Ars
/Volumes/valelab/_for_Mark/patterned_data/250731_patterned_plate_11_good/B03_250806_ctrl_siRNA_Ars/Cell6.nd2,250731_patterned_plate_11_good,B03,MAPK9 siRNA,ctrl Ars
/Volumes/valelab/_for_Mark/patterned_data/250731_patterned_plate_11_good/B03_250806_ctrl_siRNA_Ars/Cell7.nd2,250731_patterned_plate_11_good,B03,MAPK9 siRNA,ctrl Ars
/Volumes/valelab/_for_Mark/patterned_data/250731_patterned_plate_11_good/B03_250806_ctrl_siRNA_Ars/Cell8.nd2,250731_patterned_plate_11_good,B03,MAPK9 siRNA,ctrl Ars
/Volumes/valelab/_for_Mark/patterned_data/250731_patterned_plate_11_good/B03_250806_ctrl_siRNA_Ars/Cell9.nd2,250731_patterned_plate_11_good,B03,MAPK9 siRNA,ctrl Ars
/Volumes/valelab/_for_Mark/patterned_data/250731_patterned_plate_11_good/C03_250806_MAPK9_siRNA_Ars/Cell1.nd2,250731_patterned_plate_11_good,C03,MAPK9 siRNA,MAPK9 Ars
/Volumes/valelab/_for_Mark/patterned_data/250731_patterned_plate_11_good/C03_250806_MAPK9_siRNA_Ars/Cell10.nd2,250731_patterned_plate_11_good,C03,MAPK9 siRNA,MAPK9 Ars
/Volumes/valelab/_for_Mark/patterned_data/250731_patterned_plate_11_good/C03_250806_MAPK9_siRNA_Ars/Cell11.nd2,250731_patterned_plate_11_good,C03,MAPK9 siRNA,MAPK9 Ars
/Volumes/valelab/_for_Mark/patterned_data/250731_patterned_plate_11_good/C03_250806_MAPK9_siRNA_Ars/Cell12.nd2,250731_patterned_plate_11_good,C03,MAPK9 siRNA,MAPK9 Ars
/Volumes/valelab/_for_Mark/patterned_data/250731_patterned_plate_11_good/C03_250806_MAPK9_siRNA_Ars/Cell13.nd2,250731_patterned_plate_11_good,C03,MAPK9 siRNA,MAPK9 Ars
/Volumes/valelab/_for_Mark/patterned_data/250731_patterned_plate_11_good/C03_250806_MAPK9_siRNA_Ars/Cell14.nd2,250731_patterned_plate_11_good,C03,MAPK9 siRNA,MAPK9 Ars
/Volumes/valelab/_for_Mark/patterned_data/250731_patterned_plate_11_good/C03_250806_MAPK9_siRNA_Ars/Cell15.nd2,250731_patterned_plate_11_good,C03,MAPK9 siRNA,MAPK9 Ars
/Volumes/valelab/_for_Mark/patterned_data/250731_patterned_plate_11_good/C03_250806_MAPK9_siRNA_Ars/Cell17.nd2,250731_patterned_plate_11_good,C03,MAPK9 siRNA,MAPK9 Ars
/Volumes/valelab/_for_Mark/patterned_data/250731_patterned_plate_11_good/C03_250806_MAPK9_siRNA_Ars/Cell18.nd2,250731_patterned_plate_11_good,C03,MAPK9 siRNA,MAPK9 Ars
/Volumes/valelab/_for_Mark/patterned_data/250731_patterned_plate_11_good/C03_250806_MAPK9_siRNA_Ars/Cell19.nd2,250731_patterned_plate_11_good,C03,MAPK9 siRNA,MAPK9 Ars
/Volumes/valelab/_for_Mark/patterned_data/250731_patterned_plate_11_good/C03_250806_MAPK9_siRNA_Ars/Cell20.nd2,250731_patterned_plate_11_good,C03,MAPK9 siRNA,MAPK9 Ars
/Volumes/valelab/_for_Mark/patterned_data/250731_patterned_plate_11_good/C03_250806_MAPK9_siRNA_Ars/Cell3.nd2,250731_patterned_plate_11_good,C03,MAPK9 siRNA,MAPK9 Ars
/Volumes/valelab/_for_Mark/patterned_data/250731_patterned_plate_11_good/C03_250806_MAPK9_siRNA_Ars/Cell4.nd2,250731_patterned_plate_11_good,C03,MAPK9 siRNA,MAPK9 Ars
/Volumes/valelab/_for_Mark/patterned_data/250731_patterned_plate_11_good/C03_250806_MAPK9_siRNA_Ars/Cell5.nd2,250731_patterned_plate_11_good,C03,MAPK9 siRNA,MAPK9 Ars
/Volumes/valelab/_for_Mark/patterned_data/250731_patterned_plate_11_good/C03_250806_MAPK9_siRNA_Ars/Cell8.nd2,250731_patterned_plate_11_good,C03,MAPK9 siRNA,MAPK9 Ars
/Volumes/valelab/_for_Mark/patterned_data/250731_patterned_plate_11_good/C03_250806_MAPK9_siRNA_Ars/Cell9.nd2,250731_patterned_plate_11_good,C03,MAPK9 siRNA,MAPK9 Ars
/Volumes/valelab/_for_Mark/patterned_data/250731_patterned_plate_11_good/D06_250808_NoV/Cell10.nd2,250731_patterned_plate_11_good,D06,TRAK isoform (mito),no TRAK
/Volumes/valelab/_for_Mark/patterned_data/250731_patterned_plate_11_good/D06_250808_NoV/Cell11.nd2,250731_patterned_plate_11_good,D06,TRAK isoform (mito),no TRAK
/Volumes/valelab/_for_Mark/patterned_data/250731_patterned_plate_11_good/D06_250808_NoV/Cell12.nd2,250731_patterned_plate_11_good,D06,TRAK isoform (mito),no TRAK
/Volumes/valelab/_for_Mark/patterned_data/250731_patterned_plate_11_good/D06_250808_NoV/Cell2.nd2,250731_patterned_plate_11_good,D06,TRAK isoform (mito),no TRAK
/Volumes/valelab/_for_Mark/patterned_data/250731_patterned_plate_11_good/D06_250808_NoV/Cell4.nd2,250731_patterned_plate_11_good,D06,TRAK isoform (mito),no TRAK
/Volumes/valelab/_for_Mark/patterned_data/250731_patterned_plate_11_good/D06_250808_NoV/Cell5.nd2,250731_patterned_plate_11_good,D06,TRAK isoform (mito),no TRAK
/Volumes/valelab/_for_Mark/patterned_data/250731_patterned_plate_11_good/D06_250808_NoV/Cell6.nd2,250731_patterned_plate_11_good,D06,TRAK isoform (mito),no TRAK
/Volumes/valelab/_for_Mark/patterned_data/250731_patterned_plate_11_good/D06_250808_NoV/Cell8.nd2,250731_patterned_plate_11_good,D06,TRAK isoform (mito),no TRAK
/Volumes/valelab/_for_Mark/patterned_data/250731_patterned_plate_11_good/D06_250808_NoV/Cell9.nd2,250731_patterned_plate_11_good,D06,TRAK isoform (mito),no TRAK
/Volumes/valelab/_for_Mark/patterned_data/250731_patterned_plate_11_good/D07_250811_TRAK2_mDRH/Cell1.nd2,250731_patterned_plate_11_good,D07,TRAK2 helix muts,TRAK2 mDRH
/Volumes/valelab/_for_Mark/patterned_data/250731_patterned_plate_11_good/D07_250811_TRAK2_mDRH/Cell10.nd2,250731_patterned_plate_11_good,D07,TRAK2 helix muts,TRAK2 mDRH
/Volumes/valelab/_for_Mark/patterned_data/250731_patterned_plate_11_good/D07_250811_TRAK2_mDRH/Cell12.nd2,250731_patterned_plate_11_good,D07,TRAK2 helix muts,TRAK2 mDRH
/Volumes/valelab/_for_Mark/patterned_data/250731_patterned_plate_11_good/D07_250811_TRAK2_mDRH/Cell13.nd2,250731_patterned_plate_11_good,D07,TRAK2 helix muts,TRAK2 mDRH
/Volumes/valelab/_for_Mark/patterned_data/250731_patterned_plate_11_good/D07_250811_TRAK2_mDRH/Cell5.nd2,250731_patterned_plate_11_good,D07,TRAK2 helix muts,TRAK2 mDRH
/Volumes/valelab/_for_Mark/patterned_data/250731_patterned_plate_11_good/D07_250811_TRAK2_mDRH/Cell9.nd2,250731_patterned_plate_11_good,D07,TRAK2 helix muts,TRAK2 mDRH
/Volumes/valelab/_for_Mark/patterned_data/250731_patterned_plate_11_good/E03_250806_ctrl_siRNA_ctrl/Cell11.nd2,250731_patterned_plate_11_good,E03,MAPK9 siRNA,ctrl ctrl
/Volumes/valelab/_for_Mark/patterned_data/250731_patterned_plate_11_good/E03_250806_ctrl_siRNA_ctrl/Cell13.nd2,250731_patterned_plate_11_good,E03,MAPK9 siRNA,ctrl ctrl
/Volumes/valelab/_for_Mark/patterned_data/250731_patterned_plate_11_good/E03_250806_ctrl_siRNA_ctrl/Cell14.nd2,250731_patterned_plate_11_good,E03,MAPK9 siRNA,ctrl ctrl
/Volumes/valelab/_for_Mark/patterned_data/250731_patterned_plate_11_good/E03_250806_ctrl_siRNA_ctrl/Cell15.nd2,250731_patterned_plate_11_good,E03,MAPK9 siRNA,ctrl ctrl
/Volumes/valelab/_for_Mark/patterned_data/250731_patterned_plate_11_good/E03_250806_ctrl_siRNA_ctrl/Cell16.nd2,250731_patterned_plate_11_good,E03,MAPK9 siRNA,ctrl ctrl
/Volumes/valelab/_for_Mark/patterned_data/250731_patterned_plate_11_good/E03_250806_ctrl_siRNA_ctrl/Cell18.nd2,250731_patterned_plate_11_good,E03,MAPK9 siRNA,ctrl ctrl
/Volumes/valelab/_for_Mark/patterned_data/250731_patterned_plate_11_good/E03_250806_ctrl_siRNA_ctrl/Cell20.nd2,250731_patterned_plate_11_good,E03,MAPK9 siRNA,ctrl ctrl
/Volumes/valelab/_for_Mark/patterned_data/250731_patterned_plate_11_good/E03_250806_ctrl_siRNA_ctrl/Cell3.nd2,250731_patterned_plate_11_good,E03,MAPK9 siRNA,ctrl ctrl
/Volumes/valelab/_for_Mark/patterned_data/250731_patterned_plate_11_good/E03_250806_ctrl_siRNA_ctrl/Cell4.nd2,250731_patterned_plate_11_good,E03,MAPK9 siRNA,ctrl ctrl
/Volumes/valelab/_for_Mark/patterned_data/250731_patterned_plate_11_good/E03_250806_ctrl_siRNA_ctrl/Cell5.nd2,250731_patterned_plate_11_good,E03,MAPK9 siRNA,ctrl ctrl
/Volumes/valelab/_for_Mark/patterned_data/250731_patterned_plate_11_good/E03_250806_ctrl_siRNA_ctrl/Cell6.nd2,250731_patterned_plate_11_good,E03,MAPK9 siRNA,ctrl ctrl
/Volumes/valelab/_for_Mark/patterned_data/250731_patterned_plate_11_good/E03_250806_ctrl_siRNA_ctrl/Cell7.nd2,250731_patterned_plate_11_good,E03,MAPK9 siRNA,ctrl ctrl
/Volumes/valelab/_for_Mark/patterned_data/250731_patterned_plate_11_good/E05_250808_TRAK1_wt/Cell10.nd2,250731_patterned_plate_11_good,E05,TRAK isoform (mito),TRAK1
/Volumes/valelab/_for_Mark/patterned_data/250731_patterned_plate_11_good/E05_250808_TRAK1_wt/Cell10.nd2,250731_patterned_plate_11_good,E05,TRAK1 helix muts,T1 wt
/Volumes/valelab/_for_Mark/patterned_data/250731_patterned_plate_11_good/E05_250808_TRAK1_wt/Cell13.nd2,250731_patterned_plate_11_good,E05,TRAK isoform (mito),TRAK1
/Volumes/valelab/_for_Mark/patterned_data/250731_patterned_plate_11_good/E05_250808_TRAK1_wt/Cell13.nd2,250731_patterned_plate_11_good,E05,TRAK1 helix muts,T1 wt
/Volumes/valelab/_for_Mark/patterned_data/250731_patterned_plate_11_good/E05_250808_TRAK1_wt/Cell2.nd2,250731_patterned_plate_11_good,E05,TRAK isoform (mito),TRAK1
/Volumes/valelab/_for_Mark/patterned_data/250731_patterned_plate_11_good/E05_250808_TRAK1_wt/Cell2.nd2,250731_patterned_plate_11_good,E05,TRAK1 helix muts,T1 wt
/Volumes/valelab/_for_Mark/patterned_data/250731_patterned_plate_11_good/E05_250808_TRAK1_wt/Cell5.nd2,250731_patterned_plate_11_good,E05,TRAK isoform (mito),TRAK1
/Volumes/valelab/_for_Mark/patterned_data/250731_patterned_plate_11_good/E05_250808_TRAK1_wt/Cell5.nd2,250731_patterned_plate_11_good,E05,TRAK1 helix muts,T1 wt
/Volumes/valelab/_for_Mark/patterned_data/250731_patterned_plate_11_good/E05_250808_TRAK1_wt/Cell6.nd2,250731_patterned_plate_11_good,E05,TRAK isoform (mito),TRAK1
/Volumes/valelab/_for_Mark/patterned_data/250731_patterned_plate_11_good/E05_250808_TRAK1_wt/Cell6.nd2,250731_patterned_plate_11_good,E05,TRAK1 helix muts,T1 wt
/Volumes/valelab/_for_Mark/patterned_data/250731_patterned_plate_11_good/E05_250808_TRAK1_wt/Cell7.nd2,250731_patterned_plate_11_good,E05,TRAK isoform (mito),TRAK1
/Volumes/valelab/_for_Mark/patterned_data/250731_patterned_plate_11_good/E05_250808_TRAK1_wt/Cell7.nd2,250731_patterned_plate_11_good,E05,TRAK1 helix muts,T1 wt
/Volumes/valelab/_for_Mark/patterned_data/250731_patterned_plate_11_good/E05_250808_TRAK1_wt/Cell8.nd2,250731_patterned_plate_11_good,E05,TRAK isoform (mito),TRAK1
/Volumes/valelab/_for_Mark/patterned_data/250731_patterned_plate_11_good/E05_250808_TRAK1_wt/Cell8.nd2,250731_patterned_plate_11_good,E05,TRAK1 helix muts,T1 wt
/Volumes/valelab/_for_Mark/patterned_data/250731_patterned_plate_11_good/E06_250808_TRAK1_mDRH/Cell10.nd2,250731_patterned_plate_11_good,E06,TRAK1 helix muts,T1 mDRH
/Volumes/valelab/_for_Mark/patterned_data/250731_patterned_plate_11_good/E06_250808_TRAK1_mDRH/Cell11.nd2,250731_patterned_plate_11_good,E06,TRAK1 helix muts,T1 mDRH
/Volumes/valelab/_for_Mark/patterned_data/250731_patterned_plate_11_good/E06_250808_TRAK1_mDRH/Cell12.nd2,250731_patterned_plate_11_good,E06,TRAK1 helix muts,T1 mDRH
/Volumes/valelab/_for_Mark/patterned_data/250731_patterned_plate_11_good/E06_250808_TRAK1_mDRH/Cell2.nd2,250731_patterned_plate_11_good,E06,TRAK1 helix muts,T1 mDRH
/Volumes/valelab/_for_Mark/patterned_data/250731_patterned_plate_11_good/E06_250808_TRAK1_mDRH/Cell5.nd2,250731_patterned_plate_11_good,E06,TRAK1 helix muts,T1 mDRH
/Volumes/valelab/_for_Mark/patterned_data/250731_patterned_plate_11_good/E06_250808_TRAK1_mDRH/Cell6.nd2,250731_patterned_plate_11_good,E06,TRAK1 helix muts,T1 mDRH
/Volumes/valelab/_for_Mark/patterned_data/250731_patterned_plate_11_good/E06_250808_TRAK1_mDRH/Cell8.nd2,250731_patterned_plate_11_good,E06,TRAK1 helix muts,T1 mDRH
/Volumes/valelab/_for_Mark/patterned_data/250731_patterned_plate_11_good/E06_250808_TRAK1_mDRH/Cell9.nd2,250731_patterned_plate_11_good,E06,TRAK1 helix muts,T1 mDRH
/Volumes/valelab/_for_Mark/patterned_data/250731_patterned_plate_11_good/E07_250811_TRAK2_mDRH_Sp/Cell11.nd2,250731_patterned_plate_11_good,E07,TRAK2 helix muts,TRAK2 mDRH mSpindly
/Volumes/valelab/_for_Mark/patterned_data/250731_patterned_plate_11_good/E07_250811_TRAK2_mDRH_Sp/Cell12.nd2,250731_patterned_plate_11_good,E07,TRAK2 helix muts,TRAK2 mDRH mSpindly
/Volumes/valelab/_for_Mark/patterned_data/250731_patterned_plate_11_good/E07_250811_TRAK2_mDRH_Sp/Cell3.nd2,250731_patterned_plate_11_good,E07,TRAK2 helix muts,TRAK2 mDRH mSpindly
/Volumes/valelab/_for_Mark/patterned_data/250731_patterned_plate_11_good/E07_250811_TRAK2_mDRH_Sp/Cell5.nd2,250731_patterned_plate_11_good,E07,TRAK2 helix muts,TRAK2 mDRH mSpindly
/Volumes/valelab/_for_Mark/patterned_data/250731_patterned_plate_11_good/E07_250811_TRAK2_mDRH_Sp/Cell6.nd2,250731_patterned_plate_11_good,E07,TRAK2 helix muts,TRAK2 mDRH mSpindly
/Volumes/valelab/_for_Mark/patterned_data/250731_patterned_plate_11_good/E07_250811_TRAK2_mDRH_Sp/Cell7.nd2,250731_patterned_plate_11_good,E07,TRAK2 helix muts,TRAK2 mDRH mSpindly
/Volumes/valelab/_for_Mark/patterned_data/250731_patterned_plate_11_good/E07_250811_TRAK2_mDRH_Sp/Cell9.nd2,250731_patterned_plate_11_good,E07,TRAK2 helix muts,TRAK2 mDRH mSpindly
/Volumes/valelab/_for_Mark/patterned_data/250731_patterned_plate_11_good/F03_250806_MAPK9_siRNA_ctrl/Cell1.nd2,250731_patterned_plate_11_good,F03,MAPK9 siRNA,MAPK9 ctrl
/Volumes/valelab/_for_Mark/patterned_data/250731_patterned_plate_11_good/F03_250806_MAPK9_siRNA_ctrl/Cell10.nd2,250731_patterned_plate_11_good,F03,MAPK9 siRNA,MAPK9 ctrl
/Volumes/valelab/_for_Mark/patterned_data/250731_patterned_plate_11_good/F03_250806_MAPK9_siRNA_ctrl/Cell11.nd2,250731_patterned_plate_11_good,F03,MAPK9 siRNA,MAPK9 ctrl
/Volumes/valelab/_for_Mark/patterned_data/250731_patterned_plate_11_good/F03_250806_MAPK9_siRNA_ctrl/Cell12.nd2,250731_patterned_plate_11_good,F03,MAPK9 siRNA,MAPK9 ctrl
/Volumes/valelab/_for_Mark/patterned_data/250731_patterned_plate_11_good/F03_250806_MAPK9_siRNA_ctrl/Cell15.nd2,250731_patterned_plate_11_good,F03,MAPK9 siRNA,MAPK9 ctrl
/Volumes/valelab/_for_Mark/patterned_data/250731_patterned_plate_11_good/F03_250806_MAPK9_siRNA_ctrl/Cell17.nd2,250731_patterned_plate_11_good,F03,MAPK9 siRNA,MAPK9 ctrl
/Volumes/valelab/_for_Mark/patterned_data/250731_patterned_plate_11_good/F03_250806_MAPK9_siRNA_ctrl/Cell18.nd2,250731_patterned_plate_11_good,F03,MAPK9 siRNA,MAPK9 ctrl
/Volumes/valelab/_for_Mark/patterned_data/250731_patterned_plate_11_good/F03_250806_MAPK9_siRNA_ctrl/Cell19.nd2,250731_patterned_plate_11_good,F03,MAPK9 siRNA,MAPK9 ctrl
/Volumes/valelab/_for_Mark/patterned_data/250731_patterned_plate_11_good/F03_250806_MAPK9_siRNA_ctrl/Cell2.nd2,250731_patterned_plate_11_good,F03,MAPK9 siRNA,MAPK9 ctrl
/Volumes/valelab/_for_Mark/patterned_data/250731_patterned_plate_11_good/F03_250806_MAPK9_siRNA_ctrl/Cell20.nd2,250731_patterned_plate_11_good,F03,MAPK9 siRNA,MAPK9 ctrl
/Volumes/valelab/_for_Mark/patterned_data/250731_patterned_plate_11_good/F03_250806_MAPK9_siRNA_ctrl/Cell3.nd2,250731_patterned_plate_11_good,F03,MAPK9 siRNA,MAPK9 ctrl
/Volumes/valelab/_for_Mark/patterned_data/250731_patterned_plate_11_good/F03_250806_MAPK9_siRNA_ctrl/Cell4.nd2,250731_patterned_plate_11_good,F03,MAPK9 siRNA,MAPK9 ctrl
/Volumes/valelab/_for_Mark/patterned_data/250731_patterned_plate_11_good/F03_250806_MAPK9_siRNA_ctrl/Cell5.nd2,250731_patterned_plate_11_good,F03,MAPK9 siRNA,MAPK9 ctrl
/Volumes/valelab/_for_Mark/patterned_data/250731_patterned_plate_11_good/F03_250806_MAPK9_siRNA_ctrl/Cell6.nd2,250731_patterned_plate_11_good,F03,MAPK9 siRNA,MAPK9 ctrl
/Volumes/valelab/_for_Mark/patterned_data/250731_patterned_plate_11_good/F03_250806_MAPK9_siRNA_ctrl/Cell8.nd2,250731_patterned_plate_11_good,F03,MAPK9 siRNA,MAPK9 ctrl
/Volumes/valelab/_for_Mark/patterned_data/250731_patterned_plate_11_good/F03_250806_MAPK9_siRNA_ctrl/Cell9.nd2,250731_patterned_plate_11_good,F03,MAPK9 siRNA,MAPK9 ctrl
/Volumes/valelab/_for_Mark/patterned_data/250731_patterned_plate_11_good/F05_250808_TRAK2_wt/Cell1.nd2,250731_patterned_plate_11_good,F05,TRAK isoform (mito),TRAK2
/Volumes/valelab/_for_Mark/patterned_data/250731_patterned_plate_11_good/F05_250808_TRAK2_wt/Cell1.nd2,250731_patterned_plate_11_good,F05,TRAK2 helix muts,TRAK2
/Volumes/valelab/_for_Mark/patterned_data/250731_patterned_plate_11_good/F05_250808_TRAK2_wt/Cell11.nd2,250731_patterned_plate_11_good,F05,TRAK isoform (mito),TRAK2
/Volumes/valelab/_for_Mark/patterned_data/250731_patterned_plate_11_good/F05_250808_TRAK2_wt/Cell11.nd2,250731_patterned_plate_11_good,F05,TRAK2 helix muts,TRAK2
/Volumes/valelab/_for_Mark/patterned_data/250731_patterned_plate_11_good/F05_250808_TRAK2_wt/Cell13.nd2,250731_patterned_plate_11_good,F05,TRAK isoform (mito),TRAK2
/Volumes/valelab/_for_Mark/patterned_data/250731_patterned_plate_11_good/F05_250808_TRAK2_wt/Cell13.nd2,250731_patterned_plate_11_good,F05,TRAK2 helix muts,TRAK2
/Volumes/valelab/_for_Mark/patterned_data/250731_patterned_plate_11_good/F05_250808_TRAK2_wt/Cell3.nd2,250731_patterned_plate_11_good,F05,TRAK isoform (mito),TRAK2
/Volumes/valelab/_for_Mark/patterned_data/250731_patterned_plate_11_good/F05_250808_TRAK2_wt/Cell3.nd2,250731_patterned_plate_11_good,F05,TRAK2 helix muts,TRAK2
/Volumes/valelab/_for_Mark/patterned_data/250731_patterned_plate_11_good/F05_250808_TRAK2_wt/Cell4.nd2,250731_patterned_plate_11_good,F05,TRAK isoform (mito),TRAK2
/Volumes/valelab/_for_Mark/patterned_data/250731_patterned_plate_11_good/F05_250808_TRAK2_wt/Cell4.nd2,250731_patterned_plate_11_good,F05,TRAK2 helix muts,TRAK2
/Volumes/valelab/_for_Mark/patterned_data/250731_patterned_plate_11_good/F05_250808_TRAK2_wt/Cell5.nd2,250731_patterned_plate_11_good,F05,TRAK isoform (mito),TRAK2
/Volumes/valelab/_for_Mark/patterned_data/250731_patterned_plate_11_good/F05_250808_TRAK2_wt/Cell5.nd2,250731_patterned_plate_11_good,F05,TRAK2 helix muts,TRAK2
/Volumes/valelab/_for_Mark/patterned_data/250731_patterned_plate_11_good/F05_250808_TRAK2_wt/Cell7.nd2,250731_patterned_plate_11_good,F05,TRAK isoform (mito),TRAK2
/Volumes/valelab/_for_Mark/patterned_data/250731_patterned_plate_11_good/F05_250808_TRAK2_wt/Cell7.nd2,250731_patterned_plate_11_good,F05,TRAK2 helix muts,TRAK2
/Volumes/valelab/_for_Mark/patterned_data/250731_patterned_plate_11_good/F05_250808_TRAK2_wt/Cell8.nd2,250731_patterned_plate_11_good,F05,TRAK isoform (mito),TRAK2
/Volumes/valelab/_for_Mark/patterned_data/250731_patterned_plate_11_good/F05_250808_TRAK2_wt/Cell8.nd2,250731_patterned_plate_11_good,F05,TRAK2 helix muts,TRAK2
/Volumes/valelab/_for_Mark/patterned_data/250731_patterned_plate_11_good/F05_250808_TRAK2_wt/Cell9.nd2,250731_patterned_plate_11_good,F05,TRAK isoform (mito),TRAK2
/Volumes/valelab/_for_Mark/patterned_data/250731_patterned_plate_11_good/F05_250808_TRAK2_wt/Cell9.nd2,250731_patterned_plate_11_good,F05,TRAK2 helix muts,TRAK2
/Volumes/valelab/_for_Mark/patterned_data/250731_patterned_plate_11_good/F06_250811_TRAK1_mDRH_dSp/Cell10.nd2,250731_patterned_plate_11_good,F06,TRAK1 helix muts,T1 mDRH / dSp
/Volumes/valelab/_for_Mark/patterned_data/250731_patterned_plate_11_good/F06_250811_TRAK1_mDRH_dSp/Cell12.nd2,250731_patterned_plate_11_good,F06,TRAK1 helix muts,T1 mDRH / dSp
/Volumes/valelab/_for_Mark/patterned_data/250731_patterned_plate_11_good/F06_250811_TRAK1_mDRH_dSp/Cell5.nd2,250731_patterned_plate_11_good,F06,TRAK1 helix muts,T1 mDRH / dSp
/Volumes/valelab/_for_Mark/patterned_data/250731_patterned_plate_11_good/F06_250811_TRAK1_mDRH_dSp/Cell6.nd2,250731_patterned_plate_11_good,F06,TRAK1 helix muts,T1 mDRH / dSp
/Volumes/valelab/_for_Mark/patterned_data/250731_patterned_plate_11_good/F06_250811_TRAK1_mDRH_dSp/Cell9.nd2,250731_patterned_plate_11_good,F06,TRAK1 helix muts,T1 mDRH / dSp
/Volumes/valelab/_for_Mark/patterned_data/250807_patterned_plate_12/B04_250813_ctrl_siRNA_Ars/Cell10.nd2,250807_patterned_plate_12,B04,MAPK9 siRNA,ctrl Ars
/Volumes/valelab/_for_Mark/patterned_data/250807_patterned_plate_12/B04_250813_ctrl_siRNA_Ars/Cell11.nd2,250807_patterned_plate_12,B04,MAPK9 siRNA,ctrl Ars
/Volumes/valelab/_for_Mark/patterned_data/250807_patterned_plate_12/B04_250813_ctrl_siRNA_Ars/Cell12.nd2,250807_patterned_plate_12,B04,MAPK9 siRNA,ctrl Ars
/Volumes/valelab/_for_Mark/patterned_data/250807_patterned_plate_12/B04_250813_ctrl_siRNA_Ars/Cell13.nd2,250807_patterned_plate_12,B04,MAPK9 siRNA,ctrl Ars
/Volumes/valelab/_for_Mark/patterned_data/250807_patterned_plate_12/B04_250813_ctrl_siRNA_Ars/Cell14.nd2,250807_patterned_plate_12,B04,MAPK9 siRNA,ctrl Ars
/Volumes/valelab/_for_Mark/patterned_data/250807_patterned_plate_12/B04_250813_ctrl_siRNA_Ars/Cell15.nd2,250807_patterned_plate_12,B04,MAPK9 siRNA,ctrl Ars
/Volumes/valelab/_for_Mark/patterned_data/250807_patterned_plate_12/B04_250813_ctrl_siRNA_Ars/Cell16.nd2,250807_patterned_plate_12,B04,MAPK9 siRNA,ctrl Ars
/Volumes/valelab/_for_Mark/patterned_data/250807_patterned_plate_12/B04_250813_ctrl_siRNA_Ars/Cell17.nd2,250807_patterned_plate_12,B04,MAPK9 siRNA,ctrl Ars
/Volumes/valelab/_for_Mark/patterned_data/250807_patterned_plate_12/B04_250813_ctrl_siRNA_Ars/Cell18.nd2,250807_patterned_plate_12,B04,MAPK9 siRNA,ctrl Ars
/Volumes/valelab/_for_Mark/patterned_data/250807_patterned_plate_12/B04_250813_ctrl_siRNA_Ars/Cell19.nd2,250807_patterned_plate_12,B04,MAPK9 siRNA,ctrl Ars
/Volumes/valelab/_for_Mark/patterned_data/250807_patterned_plate_12/B04_250813_ctrl_siRNA_Ars/Cell2.nd2,250807_patterned_plate_12,B04,MAPK9 siRNA,ctrl Ars
/Volumes/valelab/_for_Mark/patterned_data/250807_patterned_plate_12/B04_250813_ctrl_siRNA_Ars/Cell20.nd2,250807_patterned_plate_12,B04,MAPK9 siRNA,ctrl Ars
/Volumes/valelab/_for_Mark/patterned_data/250807_patterned_plate_12/B04_250813_ctrl_siRNA_Ars/Cell3.nd2,250807_patterned_plate_12,B04,MAPK9 siRNA,ctrl Ars
/Volumes/valelab/_for_Mark/patterned_data/250807_patterned_plate_12/B04_250813_ctrl_siRNA_Ars/Cell4.nd2,250807_patterned_plate_12,B04,MAPK9 siRNA,ctrl Ars
/Volumes/valelab/_for_Mark/patterned_data/250807_patterned_plate_12/B04_250813_ctrl_siRNA_Ars/Cell5.nd2,250807_patterned_plate_12,B04,MAPK9 siRNA,ctrl Ars
/Volumes/valelab/_for_Mark/patterned_data/250807_patterned_plate_12/B04_250813_ctrl_siRNA_Ars/Cell6.nd2,250807_patterned_plate_12,B04,MAPK9 siRNA,ctrl Ars
/Volumes/valelab/_for_Mark/patterned_data/250807_patterned_plate_12/B04_250813_ctrl_siRNA_Ars/Cell8.nd2,250807_patterned_plate_12,B04,MAPK9 siRNA,ctrl Ars
/Volumes/valelab/_for_Mark/patterned_data/250807_patterned_plate_12/B04_250813_ctrl_siRNA_Ars/Cell9.nd2,250807_patterned_plate_12,B04,MAPK9 siRNA,ctrl Ars
/Volumes/valelab/_for_Mark/patterned_data/250807_patterned_plate_12/C04_250814_MAPK9_siRNA_Ars/cell1.nd2,250807_patterned_plate_12,C04,MAPK9 siRNA,MAPK9 Ars
/Volumes/valelab/_for_Mark/patterned_data/250807_patterned_plate_12/C04_250814_MAPK9_siRNA_Ars/cell10.nd2,250807_patterned_plate_12,C04,MAPK9 siRNA,MAPK9 Ars
/Volumes/valelab/_for_Mark/patterned_data/250807_patterned_plate_12/C04_250814_MAPK9_siRNA_Ars/cell11.nd2,250807_patterned_plate_12,C04,MAPK9 siRNA,MAPK9 Ars
/Volumes/valelab/_for_Mark/patterned_data/250807_patterned_plate_12/C04_250814_MAPK9_siRNA_Ars/cell12.nd2,250807_patterned_plate_12,C04,MAPK9 siRNA,MAPK9 Ars
/Volumes/valelab/_for_Mark/patterned_data/250807_patterned_plate_12/C04_250814_MAPK9_siRNA_Ars/cell13.nd2,250807_patterned_plate_12,C04,MAPK9 siRNA,MAPK9 Ars
/Volumes/valelab/_for_Mark/patterned_data/250807_patterned_plate_12/C04_250814_MAPK9_siRNA_Ars/cell14.nd2,250807_patterned_plate_12,C04,MAPK9 siRNA,MAPK9 Ars
/Volumes/valelab/_for_Mark/patterned_data/250807_patterned_plate_12/C04_250814_MAPK9_siRNA_Ars/cell15.nd2,250807_patterned_plate_12,C04,MAPK9 siRNA,MAPK9 Ars
/Volumes/valelab/_for_Mark/patterned_data/250807_patterned_plate_12/C04_250814_MAPK9_siRNA_Ars/cell16.nd2,250807_patterned_plate_12,C04,MAPK9 siRNA,MAPK9 Ars
/Volumes/valelab/_for_Mark/patterned_data/250807_patterned_plate_12/C04_250814_MAPK9_siRNA_Ars/cell17.nd2,250807_patterned_plate_12,C04,MAPK9 siRNA,MAPK9 Ars
/Volumes/valelab/_for_Mark/patterned_data/250807_patterned_plate_12/C04_250814_MAPK9_siRNA_Ars/cell18.nd2,250807_patterned_plate_12,C04,MAPK9 siRNA,MAPK9 Ars
/Volumes/valelab/_for_Mark/patterned_data/250807_patterned_plate_12/C04_250814_MAPK9_siRNA_Ars/cell19.nd2,250807_patterned_plate_12,C04,MAPK9 siRNA,MAPK9 Ars
/Volumes/valelab/_for_Mark/patterned_data/250807_patterned_plate_12/C04_250814_MAPK9_siRNA_Ars/cell2.nd2,250807_patterned_plate_12,C04,MAPK9 siRNA,MAPK9 Ars
/Volumes/valelab/_for_Mark/patterned_data/250807_patterned_plate_12/C04_250814_MAPK9_siRNA_Ars/cell20.nd2,250807_patterned_plate_12,C04,MAPK9 siRNA,MAPK9 Ars
/Volumes/valelab/_for_Mark/patterned_data/250807_patterned_plate_12/C04_250814_MAPK9_siRNA_Ars/cell3.nd2,250807_patterned_plate_12,C04,MAPK9 siRNA,MAPK9 Ars
/Volumes/valelab/_for_Mark/patterned_data/250807_patterned_plate_12/C04_250814_MAPK9_siRNA_Ars/cell4.nd2,250807_patterned_plate_12,C04,MAPK9 siRNA,MAPK9 Ars
/Volumes/valelab/_for_Mark/patterned_data/250807_patterned_plate_12/C04_250814_MAPK9_siRNA_Ars/cell6.nd2,250807_patterned_plate_12,C04,MAPK9 siRNA,MAPK9 Ars
/Volumes/valelab/_for_Mark/patterned_data/250807_patterned_plate_12/C04_250814_MAPK9_siRNA_Ars/cell7.nd2,250807_patterned_plate_12,C04,MAPK9 siRNA,MAPK9 Ars
/Volumes/valelab/_for_Mark/patterned_data/250807_patterned_plate_12/C04_250814_MAPK9_siRNA_Ars/cell8.nd2,250807_patterned_plate_12,C04,MAPK9 siRNA,MAPK9 Ars
/Volumes/valelab/_for_Mark/patterned_data/250807_patterned_plate_12/C04_250814_MAPK9_siRNA_Ars/cell9.nd2,250807_patterned_plate_12,C04,MAPK9 siRNA,MAPK9 Ars
/Volumes/valelab/_for_Mark/patterned_data/250807_patterned_plate_12/F04_250814_ctrl_siRNA_ctrl/cell11.nd2,250807_patterned_plate_12,F04,MAPK9 siRNA,ctrl ctrl
/Volumes/valelab/_for_Mark/patterned_data/250807_patterned_plate_12/F04_250814_ctrl_siRNA_ctrl/cell13.nd2,250807_patterned_plate_12,F04,MAPK9 siRNA,ctrl ctrl
/Volumes/valelab/_for_Mark/patterned_data/250807_patterned_plate_12/F04_250814_ctrl_siRNA_ctrl/cell16.nd2,250807_patterned_plate_12,F04,MAPK9 siRNA,ctrl ctrl
/Volumes/valelab/_for_Mark/patterned_data/250807_patterned_plate_12/F04_250814_ctrl_siRNA_ctrl/cell18.nd2,250807_patterned_plate_12,F04,MAPK9 siRNA,ctrl ctrl
/Volumes/valelab/_for_Mark/patterned_data/250807_patterned_plate_12/F04_250814_ctrl_siRNA_ctrl/cell19.nd2,250807_patterned_plate_12,F04,MAPK9 siRNA,ctrl ctrl
/Volumes/valelab/_for_Mark/patterned_data/250807_patterned_plate_12/F04_250814_ctrl_siRNA_ctrl/cell20.nd2,250807_patterned_plate_12,F04,MAPK9 siRNA,ctrl ctrl
/Volumes/valelab/_for_Mark/patterned_data/250807_patterned_plate_12/F04_250814_ctrl_siRNA_ctrl/cell4.nd2,250807_patterned_plate_12,F04,MAPK9 siRNA,ctrl ctrl
/Volumes/valelab/_for_Mark/patterned_data/250807_patterned_plate_12/F04_250814_ctrl_siRNA_ctrl/cell6.nd2,250807_patterned_plate_12,F04,MAPK9 siRNA,ctrl ctrl
/Volumes/valelab/_for_Mark/patterned_data/250807_patterned_plate_12/G04_250814_MAPK9_siRNA_ctrl/Cell1.nd2,250807_patterned_plate_12,G04,MAPK9 siRNA,MAPK9 ctrl
/Volumes/valelab/_for_Mark/patterned_data/250807_patterned_plate_12/G04_250814_MAPK9_siRNA_ctrl/Cell12.nd2,250807_patterned_plate_12,G04,MAPK9 siRNA,MAPK9 ctrl
/Volumes/valelab/_for_Mark/patterned_data/250807_patterned_plate_12/G04_250814_MAPK9_siRNA_ctrl/Cell13.nd2,250807_patterned_plate_12,G04,MAPK9 siRNA,MAPK9 ctrl
/Volumes/valelab/_for_Mark/patterned_data/250807_patterned_plate_12/G04_250814_MAPK9_siRNA_ctrl/Cell14.nd2,250807_patterned_plate_12,G04,MAPK9 siRNA,MAPK9 ctrl
/Volumes/valelab/_for_Mark/patterned_data/250807_patterned_plate_12/G04_250814_MAPK9_siRNA_ctrl/Cell18.nd2,250807_patterned_plate_12,G04,MAPK9 siRNA,MAPK9 ctrl
/Volumes/valelab/_for_Mark/patterned_data/250807_patterned_plate_12/G04_250814_MAPK9_siRNA_ctrl/Cell2.nd2,250807_patterned_plate_12,G04,MAPK9 siRNA,MAPK9 ctrl
/Volumes/valelab/_for_Mark/patterned_data/250807_patterned_plate_12/G04_250814_MAPK9_siRNA_ctrl/Cell20.nd2,250807_patterned_plate_12,G04,MAPK9 siRNA,MAPK9 ctrl
/Volumes/valelab/_for_Mark/patterned_data/250807_patterned_plate_12/G04_250814_MAPK9_siRNA_ctrl/Cell3.nd2,250807_patterned_plate_12,G04,MAPK9 siRNA,MAPK9 ctrl
/Volumes/valelab/_for_Mark/patterned_data/250807_patterned_plate_12/G04_250814_MAPK9_siRNA_ctrl/Cell5.nd2,250807_patterned_plate_12,G04,MAPK9 siRNA,MAPK9 ctrl
/Volumes/valelab/_for_Mark/patterned_data/250807_patterned_plate_12/G04_250814_MAPK9_siRNA_ctrl/Cell6.nd2,250807_patterned_plate_12,G04,MAPK9 siRNA,MAPK9 ctrl
/Volumes/valelab/_for_Mark/patterned_data/250807_patterned_plate_12/G04_250814_MAPK9_siRNA_ctrl/Cell7.nd2,250807_patterned_plate_12,G04,MAPK9 siRNA,MAPK9 ctrl
/Volumes/valelab/_for_Mark/patterned_data/250807_patterned_plate_12/G04_250814_MAPK9_siRNA_ctrl/Cell8.nd2,250807_patterned_plate_12,G04,MAPK9 siRNA,MAPK9 ctrl
/Volumes/valelab/_for_Mark/patterned_data/250606_patterned_plate_2/F06_TRAK1_peroxisome/Cell11.nd2,250606_patterned_plate_2,F06,TRAK isoform (peroxisome),TRAK1
/Volumes/valelab/_for_Mark/patterned_data/250606_patterned_plate_2/F06_TRAK1_peroxisome/Cell12.nd2,250606_patterned_plate_2,F06,TRAK isoform (peroxisome),TRAK1
/Volumes/valelab/_for_Mark/patterned_data/250606_patterned_plate_2/F06_TRAK1_peroxisome/Cell4.nd2,250606_patterned_plate_2,F06,TRAK isoform (peroxisome),TRAK1
/Volumes/valelab/_for_Mark/patterned_data/250606_patterned_plate_2/F06_TRAK1_peroxisome/Cell5.nd2,250606_patterned_plate_2,F06,TRAK isoform (peroxisome),TRAK1
/Volumes/valelab/_for_Mark/patterned_data/250606_patterned_plate_2/F06_TRAK1_peroxisome/Cell6.nd2,250606_patterned_plate_2,F06,TRAK isoform (peroxisome),TRAK1
/Volumes/valelab/_for_Mark/patterned_data/250606_patterned_plate_2/F06_TRAK1_peroxisome/Cell7.nd2,250606_patterned_plate_2,F06,TRAK isoform (peroxisome),TRAK1
/Volumes/valelab/_for_Mark/patterned_data/250606_patterned_plate_2/F06_TRAK1_peroxisome/Cell8.nd2,250606_patterned_plate_2,F06,TRAK isoform (peroxisome),TRAK1
/Volumes/valelab/_for_Mark/patterned_data/250606_patterned_plate_2/F06_TRAK1_peroxisome/Cell9.nd2,250606_patterned_plate_2,F06,TRAK isoform (peroxisome),TRAK1
/Volumes/valelab/_for_Mark/patterned_data/250606_patterned_plate_2/G06_TRAK2_peroxisome/Cell1.nd2,250606_patterned_plate_2,G06,TRAK isoform (peroxisome),TRAK2
/Volumes/valelab/_for_Mark/patterned_data/250606_patterned_plate_2/G06_TRAK2_peroxisome/Cell11.nd2,250606_patterned_plate_2,G06,TRAK isoform (peroxisome),TRAK2
/Volumes/valelab/_for_Mark/patterned_data/250606_patterned_plate_2/G06_TRAK2_peroxisome/Cell2.nd2,250606_patterned_plate_2,G06,TRAK isoform (peroxisome),TRAK2
/Volumes/valelab/_for_Mark/patterned_data/250606_patterned_plate_2/G06_TRAK2_peroxisome/Cell3.nd2,250606_patterned_plate_2,G06,TRAK isoform (peroxisome),TRAK2
/Volumes/valelab/_for_Mark/patterned_data/250606_patterned_plate_2/G06_TRAK2_peroxisome/Cell4.nd2,250606_patterned_plate_2,G06,TRAK isoform (peroxisome),TRAK2
/Volumes/valelab/_for_Mark/patterned_data/250606_patterned_plate_2/G06_TRAK2_peroxisome/Cell5.nd2,250606_patterned_plate_2,G06,TRAK isoform (peroxisome),TRAK2
/Volumes/valelab/_for_Mark/patterned_data/250606_patterned_plate_2/G06_TRAK2_peroxisome/Cell8.nd2,250606_patterned_plate_2,G06,TRAK isoform (peroxisome),TRAK2
/Volumes/valelab/_for_Mark/patterned_data/250606_patterned_plate_2/G10_NoV-peroxisome/Cell1.nd2,250606_patterned_plate_2,G10,TRAK isoform (peroxisome),no TRAK
/Volumes/valelab/_for_Mark/patterned_data/250606_patterned_plate_2/G10_NoV-peroxisome/Cell10.nd2,250606_patterned_plate_2,G10,TRAK isoform (peroxisome),no TRAK
/Volumes/valelab/_for_Mark/patterned_data/250606_patterned_plate_2/G10_NoV-peroxisome/Cell4.nd2,250606_patterned_plate_2,G10,TRAK isoform (peroxisome),no TRAK
/Volumes/valelab/_for_Mark/patterned_data/250606_patterned_plate_2/G10_NoV-peroxisome/Cell8.nd2,250606_patterned_plate_2,G10,TRAK isoform (peroxisome),no TRAK
/Volumes/valelab/_for_Mark/patterned_data/250612_patterned_plate_3/E02_NoV_peroxisome/Cell5.nd2,250612_patterned_plate_3,E02,TRAK isoform (peroxisome),no TRAK
/Volumes/valelab/_for_Mark/patterned_data/250612_patterned_plate_3/E02_NoV_peroxisome/Cell6.nd2,250612_patterned_plate_3,E02,TRAK isoform (peroxisome),no TRAK
/Volumes/valelab/_for_Mark/patterned_data/250612_patterned_plate_3/E02_NoV_peroxisome/Cell8.nd2,250612_patterned_plate_3,E02,TRAK isoform (peroxisome),no TRAK
/Volumes/valelab/_for_Mark/patterned_data/250612_patterned_plate_3/E02_NoV_peroxisome/Cell9.nd2,250612_patterned_plate_3,E02,TRAK isoform (peroxisome),no TRAK
/Volumes/valelab/_for_Mark/patterned_data/250612_patterned_plate_3/E03_TRAK1_peroxisome/Cell10.nd2,250612_patterned_plate_3,E03,TRAK isoform (peroxisome),TRAK1
/Volumes/valelab/_for_Mark/patterned_data/250612_patterned_plate_3/E03_TRAK1_peroxisome/Cell11.nd2,250612_patterned_plate_3,E03,TRAK isoform (peroxisome),TRAK1
/Volumes/valelab/_for_Mark/patterned_data/250612_patterned_plate_3/E03_TRAK1_peroxisome/Cell12.nd2,250612_patterned_plate_3,E03,TRAK isoform (peroxisome),TRAK1
/Volumes/valelab/_for_Mark/patterned_data/250612_patterned_plate_3/E03_TRAK1_peroxisome/Cell13.nd2,250612_patterned_plate_3,E03,TRAK isoform (peroxisome),TRAK1
/Volumes/valelab/_for_Mark/patterned_data/250612_patterned_plate_3/E03_TRAK1_peroxisome/Cell14.nd2,250612_patterned_plate_3,E03,TRAK isoform (peroxisome),TRAK1
/Volumes/valelab/_for_Mark/patterned_data/250612_patterned_plate_3/E03_TRAK1_peroxisome/Cell15.nd2,250612_patterned_plate_3,E03,TRAK isoform (peroxisome),TRAK1
/Volumes/valelab/_for_Mark/patterned_data/250612_patterned_plate_3/E03_TRAK1_peroxisome/Cell16.nd2,250612_patterned_plate_3,E03,TRAK isoform (peroxisome),TRAK1
/Volumes/valelab/_for_Mark/patterned_data/250612_patterned_plate_3/E03_TRAK1_peroxisome/Cell17.nd2,250612_patterned_plate_3,E03,TRAK isoform (peroxisome),TRAK1
/Volumes/valelab/_for_Mark/patterned_data/250612_patterned_plate_3/E03_TRAK1_peroxisome/Cell2.nd2,250612_patterned_plate_3,E03,TRAK isoform (peroxisome),TRAK1
/Volumes/valelab/_for_Mark/patterned_data/250612_patterned_plate_3/E03_TRAK1_peroxisome/Cell3.nd2,250612_patterned_plate_3,E03,TRAK isoform (peroxisome),TRAK1
/Volumes/valelab/_for_Mark/patterned_data/250612_patterned_plate_3/E03_TRAK1_peroxisome/Cell4.nd2,250612_patterned_plate_3,E03,TRAK isoform (peroxisome),TRAK1
/Volumes/valelab/_for_Mark/patterned_data/250612_patterned_plate_3/E03_TRAK1_peroxisome/Cell7.nd2,250612_patterned_plate_3,E03,TRAK isoform (peroxisome),TRAK1
/Volumes/valelab/_for_Mark/patterned_data/250612_patterned_plate_3/E03_TRAK1_peroxisome/Cell8.nd2,250612_patterned_plate_3,E03,TRAK isoform (peroxisome),TRAK1
/Volumes/valelab/_for_Mark/patterned_data/250612_patterned_plate_3/E03_TRAK1_peroxisome/Cell9.nd2,250612_patterned_plate_3,E03,TRAK isoform (peroxisome),TRAK1
/Volumes/valelab/_for_Mark/patterned_data/250612_patterned_plate_3/E04_TRAK2_peroxisome/Cell1.nd2,250612_patterned_plate_3,E04,TRAK isoform (peroxisome),TRAK2
/Volumes/valelab/_for_Mark/patterned_data/250612_patterned_plate_3/E04_TRAK2_peroxisome/Cell10.nd2,250612_patterned_plate_3,E04,TRAK isoform (peroxisome),TRAK2
/Volumes/valelab/_for_Mark/patterned_data/250612_patterned_plate_3/E04_TRAK2_peroxisome/Cell11.nd2,250612_patterned_plate_3,E04,TRAK isoform (peroxisome),TRAK2
/Volumes/valelab/_for_Mark/patterned_data/250612_patterned_plate_3/E04_TRAK2_peroxisome/Cell12.nd2,250612_patterned_plate_3,E04,TRAK isoform (peroxisome),TRAK2
/Volumes/valelab/_for_Mark/patterned_data/250612_patterned_plate_3/E04_TRAK2_peroxisome/Cell13.nd2,250612_patterned_plate_3,E04,TRAK isoform (peroxisome),TRAK2
/Volumes/valelab/_for_Mark/patterned_data/250612_patterned_plate_3/E04_TRAK2_peroxisome/Cell2.nd2,250612_patterned_plate_3,E04,TRAK isoform (peroxisome),TRAK2
/Volumes/valelab/_for_Mark/patterned_data/250612_patterned_plate_3/E04_TRAK2_peroxisome/Cell3.nd2,250612_patterned_plate_3,E04,TRAK isoform (peroxisome),TRAK2
/Volumes/valelab/_for_Mark/patterned_data/250612_patterned_plate_3/E04_TRAK2_peroxisome/Cell4.nd2,250612_patterned_plate_3,E04,TRAK isoform (peroxisome),TRAK2
/Volumes/valelab/_for_Mark/patterned_data/250612_patterned_plate_3/E04_TRAK2_peroxisome/Cell6.nd2,250612_patterned_plate_3,E04,TRAK isoform (peroxisome),TRAK2
/Volumes/valelab/_for_Mark/patterned_data/250612_patterned_plate_3/E04_TRAK2_peroxisome/Cell7.nd2,250612_patterned_plate_3,E04,TRAK isoform (peroxisome),TRAK2
/Volumes/valelab/_for_Mark/patterned_data/250612_patterned_plate_3/E04_TRAK2_peroxisome/Cell9.nd2,250612_patterned_plate_3,E04,TRAK isoform (peroxisome),TRAK2
/Volumes/valelab/_for_Mark/patterned_data/250626_patterned_plate_7/F02_250702_noV_peroxisome/Cell2.nd2,250626_patterned_plate_7,F02,TRAK isoform (peroxisome),no TRAK
/Volumes/valelab/_for_Mark/patterned_data/250626_patterned_plate_7/F02_250702_noV_peroxisome/Cell3.nd2,250626_patterned_plate_7,F02,TRAK isoform (peroxisome),no TRAK
/Volumes/valelab/_for_Mark/patterned_data/250626_patterned_plate_7/F02_250702_noV_peroxisome/Cell5.nd2,250626_patterned_plate_7,F02,TRAK isoform (peroxisome),no TRAK
/Volumes/valelab/_for_Mark/patterned_data/250626_patterned_plate_7/F02_250702_noV_peroxisome/Cell6.nd2,250626_patterned_plate_7,F02,TRAK isoform (peroxisome),no TRAK
/Volumes/valelab/_for_Mark/patterned_data/250626_patterned_plate_7/F02_250702_noV_peroxisome/Cell9.nd2,250626_patterned_plate_7,F02,TRAK isoform (peroxisome),no TRAK
/Volumes/valelab/_for_Mark/patterned_data/250626_patterned_plate_7/F04_250703_TRAK2_wt_peroxisome/Cell2.nd2,250626_patterned_plate_7,F04,TRAK isoform (peroxisome),TRAK2
/Volumes/valelab/_for_Mark/patterned_data/250626_patterned_plate_7/F04_250703_TRAK2_wt_peroxisome/Cell3.nd2,250626_patterned_plate_7,F04,TRAK isoform (peroxisome),TRAK2
/Volumes/valelab/_for_Mark/patterned_data/250626_patterned_plate_7/F04_250703_TRAK2_wt_peroxisome/Cell5.nd2,250626_patterned_plate_7,F04,TRAK isoform (peroxisome),TRAK2
/Volumes/valelab/_for_Mark/patterned_data/250626_patterned_plate_7/F04_250703_TRAK2_wt_peroxisome/Cell6.nd2,250626_patterned_plate_7,F04,TRAK isoform (peroxisome),TRAK2
/Volumes/valelab/_for_Mark/patterned_data/250626_patterned_plate_7/F04_250703_TRAK2_wt_peroxisome/Cell9.nd2,250626_patterned_plate_7,F04,TRAK isoform (peroxisome),TRAK2
/Volumes/valelab/_for_Mark/patterned_data/250626_patterned_plate_7/G03_250703_TRAK1_wt_peroxisome/Cell10.nd2,250626_patterned_plate_7,G03,TRAK isoform (peroxisome),TRAK1
/Volumes/valelab/_for_Mark/patterned_data/250626_patterned_plate_7/G03_250703_TRAK1_wt_peroxisome/Cell6.nd2,250626_patterned_plate_7,G03,TRAK isoform (peroxisome),TRAK1
/Volumes/valelab/_for_Mark/patterned_data/250626_patterned_plate_7/G03_250703_TRAK1_wt_peroxisome/Cell7.nd2,250626_patterned_plate_7,G03,TRAK isoform (peroxisome),TRAK1
/Volumes/valelab/_for_Mark/patterned_data/250626_patterned_plate_7/G03_250703_TRAK1_wt_peroxisome/Cell8.nd2,250626_patterned_plate_7,G03,TRAK isoform (peroxisome),TRAK1
/Volumes/valelab/_for_Mark/patterned_data/250626_patterned_plate_7/G03_250703_TRAK1_wt_peroxisome/Cell9.nd2,250626_patterned_plate_7,G03,TRAK isoform (peroxisome),TRAK1
/Volumes/valelab/_for_Mark/patterned_data/250710_patterned_plate_9_good/D02_250721_NoV_peroxisomes/Cell1.nd2,250710_patterned_plate_9_good,D02,TRAK isoform (peroxisome),no TRAK
/Volumes/valelab/_for_Mark/patterned_data/250710_patterned_plate_9_good/D02_250721_NoV_peroxisomes/Cell10.nd2,250710_patterned_plate_9_good,D02,TRAK isoform (peroxisome),no TRAK
/Volumes/valelab/_for_Mark/patterned_data/250710_patterned_plate_9_good/D02_250721_NoV_peroxisomes/Cell12.nd2,250710_patterned_plate_9_good,D02,TRAK isoform (peroxisome),no TRAK
/Volumes/valelab/_for_Mark/patterned_data/250710_patterned_plate_9_good/D02_250721_NoV_peroxisomes/Cell2.nd2,250710_patterned_plate_9_good,D02,TRAK isoform (peroxisome),no TRAK
/Volumes/valelab/_for_Mark/patterned_data/250710_patterned_plate_9_good/D02_250721_NoV_peroxisomes/Cell4.nd2,250710_patterned_plate_9_good,D02,TRAK isoform (peroxisome),no TRAK
/Volumes/valelab/_for_Mark/patterned_data/250710_patterned_plate_9_good/D02_250721_NoV_peroxisomes/Cell5.nd2,250710_patterned_plate_9_good,D02,TRAK isoform (peroxisome),no TRAK
/Volumes/valelab/_for_Mark/patterned_data/250710_patterned_plate_9_good/D02_250721_NoV_peroxisomes/Cell8.nd2,250710_patterned_plate_9_good,D02,TRAK isoform (peroxisome),no TRAK
/Volumes/valelab/_for_Mark/patterned_data/250710_patterned_plate_9_good/D03_250721_TRAK1_wt_peroxisomes/Cell10.nd2,250710_patterned_plate_9_good,D03,TRAK isoform (peroxisome),TRAK1
/Volumes/valelab/_for_Mark/patterned_data/250710_patterned_plate_9_good/D03_250721_TRAK1_wt_peroxisomes/Cell11.nd2,250710_patterned_plate_9_good,D03,TRAK isoform (peroxisome),TRAK1
/Volumes/valelab/_for_Mark/patterned_data/250710_patterned_plate_9_good/D03_250721_TRAK1_wt_peroxisomes/Cell12.nd2,250710_patterned_plate_9_good,D03,TRAK isoform (peroxisome),TRAK1
/Volumes/valelab/_for_Mark/patterned_data/250710_patterned_plate_9_good/D03_250721_TRAK1_wt_peroxisomes/Cell13.nd2,250710_patterned_plate_9_good,D03,TRAK isoform (peroxisome),TRAK1
/Volumes/valelab/_for_Mark/patterned_data/250710_patterned_plate_9_good/D03_250721_TRAK1_wt_peroxisomes/Cell2.nd2,250710_patterned_plate_9_good,D03,TRAK isoform (peroxisome),TRAK1
/Volumes/valelab/_for_Mark/patterned_data/250710_patterned_plate_9_good/D03_250721_TRAK1_wt_peroxisomes/Cell3.nd2,250710_patterned_plate_9_good,D03,TRAK isoform (peroxisome),TRAK1
/Volumes/valelab/_for_Mark/patterned_data/250710_patterned_plate_9_good/D03_250721_TRAK1_wt_peroxisomes/Cell6.nd2,250710_patterned_plate_9_good,D03,TRAK isoform (peroxisome),TRAK1
/Volumes/valelab/_for_Mark/patterned_data/250710_patterned_plate_9_good/D03_250721_TRAK1_wt_peroxisomes/Cell7.nd2,250710_patterned_plate_9_good,D03,TRAK isoform (peroxisome),TRAK1
/Volumes/valelab/_for_Mark/patterned_data/250710_patterned_plate_9_good/D04_250721_TRAK2_wt_peroxisomes/Cell1.nd2,250710_patterned_plate_9_good,D04,TRAK isoform (peroxisome),TRAK2
/Volumes/valelab/_for_Mark/patterned_data/250710_patterned_plate_9_good/D04_250721_TRAK2_wt_peroxisomes/Cell14.nd2,250710_patterned_plate_9_good,D04,TRAK isoform (peroxisome),TRAK2
/Volumes/valelab/_for_Mark/patterned_data/250710_patterned_plate_9_good/D04_250721_TRAK2_wt_peroxisomes/Cell2.nd2,250710_patterned_plate_9_good,D04,TRAK isoform (peroxisome),TRAK2
/Volumes/valelab/_for_Mark/patterned_data/250710_patterned_plate_9_good/D04_250721_TRAK2_wt_peroxisomes/Cell4.nd2,250710_patterned_plate_9_good,D04,TRAK isoform (peroxisome),TRAK2
/Volumes/valelab/_for_Mark/patterned_data/250710_patterned_plate_9_good/D04_250721_TRAK2_wt_peroxisomes/Cell5.nd2,250710_patterned_plate_9_good,D04,TRAK isoform (peroxisome),TRAK2
/Volumes/valelab/_for_Mark/patterned_data/250710_patterned_plate_9_good/D04_250721_TRAK2_wt_peroxisomes/Cell6.nd2,250710_patterned_plate_9_good,D04,TRAK isoform (peroxisome),TRAK2
/Volumes/valelab/_for_Mark/patterned_data/250710_patterned_plate_9_good/D04_250721_TRAK2_wt_peroxisomes/Cell8.nd2,250710_patterned_plate_9_good,D04,TRAK isoform (peroxisome),TRAK2
